a,b,pair,label,SH_F,SH_reverse,SH_d,SH_u,SMH_F,SMH_reverse,SMH_d,SMH_u,SMHB_F,SMHB_reverse,SMHB_d,SMHB_u,FULL_F,FULL_reverse,FULL_d,FULL_u,SHVB_F,SHVB_reverse,SHVB_d,SHVB_u
MNS1,CWH41,CWH41|MNS1,1,0.04239365280349692,-0.07708572543667716,0.059739689120087036,-0.01734603631659012,-0.45792422687070156,-1.531889431224095,0.5369826021766967,-0.9949068290473982,-0.44663148565160643,-1.331626868309266,0.44249769132882977,-0.8891291769804363,-0.38633652388487993,-1.2316469104390977,0.4226551932771089,-0.8089917171619888,-0.42565802367889266,-1.169068014521774,0.37170499542144064,-0.7973630191003334
ROT2,CWH41,CWH41|ROT2,1,-0.2729432167962715,-0.355972175562417,0.04151447938307276,-0.31445769617934427,-0.0976188093658371,-0.3213044407355593,0.1118428156848611,-0.2094616250506982,0.2825801485822838,-0.16735608930068982,0.22496811894148683,0.057612029640796994,-0.07849423439039224,-0.15396457326535679,0.03773516943748227,-0.11622940382787451,-0.14025341154190835,-0.10156338461720368,-0.01934501346235233,-0.12090839807955601
MNS1,MNN2,MNN2|MNS1,1,-0.26447521197046886,-0.6900355274913934,0.21278015776046227,-0.47725536973093113,0.021595086411780186,-1.9959388955043436,1.0087669909580619,-0.9871719045462817,-0.17875424113391733,-1.2713033016895203,0.5462745302778015,-0.7250287714117188,-0.34506767010883027,-1.2917715494048516,0.4733519396480107,-0.8184196097568409,-0.28782317270764607,-1.236016781629586,0.4740968044609699,-0.761919977168616
ANP1,MNN2,ANP1|MNN2,1,0.49459797886205303,0.5136003196403244,-0.009501170389135671,0.5040991492511887,0.21580379818742665,0.1922076269520572,0.011798085617684723,0.20400571256974193,0.013748821864672144,-0.021070212149552382,0.01740951700711226,-0.003660695142440119,-0.02470837823282654,-0.0561287975082154,0.01571020963769443,-0.04041858787052097,-0.059473773136489265,-0.08819749624258451,0.014361861553047622,-0.07383563468953688
MNS1,ROT2,MNS1|ROT2,1,0.02033011658342762,-0.08200769230926273,0.05116890444634518,-0.030838787862917556,-0.5141861357098608,-1.655713222438799,0.5707635433644691,-1.0849496790743298,-0.5289051877130522,-1.2710675488351206,0.37108118056103423,-0.8999863682740864,-0.4471440013316026,-1.4267777943064082,0.4898168964874028,-0.9369608978190054,-0.3971741480475126,-1.4492289272719323,0.5260273896122099,-0.9232015376597225
STP22,VPS28,STP22|VPS28,1,-0.08350966847915336,-0.9712627117233865,0.44387652162211655,-0.52738619010127,0.004121492586035153,-0.9497272353840356,0.47692436398503535,-0.47280287139900024,0.33616564210388594,-0.715011883869816,0.525588762986851,-0.189423120882965,0.12580695904229158,-0.9511719110680547,0.5384894350551731,-0.41268247601288155,0.1739405452697018,-0.9534640296421973,0.5637022874559495,-0.38976174218624776
HMG1,BTS1,BTS1|HMG1,1,0.5846625057545811,-1.5320858845368122,1.0583741951456966,-0.4737116893911155,0.01709905119285172,-0.738726100769255,0.3779125759810534,-0.36081352478820167,-0.2911265853003934,-1.4627614990862607,0.5858174568929336,-0.8769440421933271,-0.17901967877324265,-1.1067053696873896,0.4638428454570735,-0.6428625242303161,-0.17842835391850154,-1.0911292563210186,0.45635045120125856,-0.63477880511976
DIE2,ALG5,ALG5|DIE2,1,0.027206942436577092,-0.40908618228868066,0.21814656236262886,-0.1909396199260518,-0.05480698596323245,-0.9135487729446256,0.42937089349069657,-0.484177879453929,-0.5922360504380156,-0.8973503391277766,0.1525571443448805,-0.7447931947828961,0.3657221111006198,-0.8142271061540927,0.5899746086273563,-0.22425249752673643,0.30428158442155434,-0.7126889110252145,0.5084852477233844,-0.20420366330183007
ALG8,ALG5,ALG5|ALG8,1,-0.13135291954950812,-0.20339813695990855,0.036022608705200215,-0.16737552825470833,0.41985203617832606,-0.5393526578056278,0.4796023469919769,-0.05975031081365087,0.4850893476434613,-0.5472666669902176,0.5161780073168395,-0.031088659673378177,-0.011541910043655481,-0.7374457211683513,0.3629519055623479,-0.37449381560600337,0.00848021961684352,-0.6774903523331044,0.34298528597497396,-0.33450506635813043
ALG6,ALG5,ALG5|ALG6,1,-1.0849161204009747,-0.4690357736647122,-0.3079401733681313,-0.7769759470328435,-0.8638614566711517,-1.2865480804884561,0.21134331190865224,-1.0752047685798038,-0.5019489062539453,-1.1636216372049473,0.330836365475501,-0.8327852717294463,-0.33423812066735814,-0.8792452899179122,0.272503584625277,-0.6067417052926352,-0.3398103392720965,-0.6938945643927165,0.17704211256031,-0.5168524518324065
DIE2,ALG8,ALG8|DIE2,1,-0.4380283355707647,-0.668986423527469,0.11547904397835212,-0.5535073795491168,-0.1853923961313894,-0.9186368716945957,0.3666222377816032,-0.5520146339129925,-0.5249819920027,-0.9341213900734971,0.20456969903539857,-0.7295516910380986,0.8120753048338332,-0.9133587257566486,0.8627170152952408,-0.050641710461407696,0.7746281133977904,-0.8478305225103552,0.8112293179540728,-0.03660120455628241
DIE2,ALG9,ALG9|DIE2,1,-0.5340421236684751,-0.8060253582232074,0.13599161727736614,-0.6700337409458412,0.06959652963484834,-1.0214670039647111,0.5455317667997798,-0.4759352371649314,-0.16484962387808538,-1.0760783611274114,0.455614368624663,-0.6204639925027484,0.001631118770367978,-0.6741657877259241,0.337898453248146,-0.33626733447777807,-0.13051099734285357,-0.6720051535653012,0.27074707811122384,-0.4012580754540774
ALG8,ALG9,ALG8|ALG9,1,0.09979488420527345,-0.3245368455608416,0.21216586488305753,-0.11237098067778409,0.10144277158245057,-0.6330699067046632,0.36725633914355693,-0.2658135675611063,-0.010480535065452441,-0.7846258805388024,0.387072672736675,-0.39755320780212744,-0.305637340225845,-0.503058221491015,0.098710440632585,-0.40434778085843,-0.2917374096483384,-0.39204989905764415,0.05015624470465288,-0.34189365435299124
ALG12,ALG9,ALG12|ALG9,1,0.5742878080971878,0.524970231117767,0.024658788489710426,0.5496290196074773,0.019883950132123386,-0.0027782697608049584,0.011331109946464172,0.008552840185659214,0.5407147075979472,0.2906260883265898,0.12504430963567867,0.41567039796226846,0.39067721862253596,0.2301871494891241,0.08024503456670593,0.31043218405583006,0.3696716975849462,0.273093707895665,0.04828899484464061,0.3213827027403056
ALG6,ALG9,ALG6|ALG9,1,-0.19153045990998863,-0.4165786346768837,0.11252408738344755,-0.3040545472934362,-0.007314813700514847,-1.1920052509875854,0.5923452186435353,-0.5996600323440501,0.030757201958401606,-1.1439721772006213,0.5873646895795115,-0.5566074876211098,-0.3755776473144348,-0.7531763201319288,0.188799336408747,-0.5643769837231818,-0.32175640752903667,-0.6872807653966309,0.1827621789337971,-0.5045185864628338
DIE2,ALG6,ALG6|DIE2,1,-0.6735058866111875,-0.9433462762167024,0.13492019480275746,-0.808426081413945,-0.399721896496454,-1.0672571201463679,0.33376761182495696,-0.7334895083214109,-0.462946156888484,-0.7199827326671433,0.12851828788932965,-0.5914644447778137,0.32692391578891744,-0.9041054024298595,0.6155146591093885,-0.288590743320471,0.30061883138972917,-0.8251720841348898,0.5628954577623095,-0.2622766263725803
ALG8,ALG6,ALG6|ALG8,1,0.049850606216360324,-0.7321217597972316,0.39098618300679594,-0.34113557679043566,-0.773770557845253,-0.9825876436321994,0.10440854289347323,-0.8781791007387262,-0.44240987385671077,-0.6815850219341384,0.11958757403871381,-0.5619974478954246,-0.00353094018853855,-0.534934298683373,0.2657016792474173,-0.2692326194359558,-0.18815851936665867,-0.6002456827488475,0.2060435816910944,-0.3942021010577531
ALG12,ALG3,ALG12|ALG3,1,0.4397015785203548,-0.634140389570853,0.5369209840456038,-0.09721940552524908,1.1623451507880451,-0.7281768999478284,0.9452610253679368,0.21708412542010835,1.4578722963671598,-1.0770790951424065,1.2674756957547832,0.19039660061237662,1.4850597205829135,-1.3305381030568806,1.407798911819897,0.07726080876301644,1.526677258696686,-1.3931746644163494,1.4599259615565177,0.06675129714016825
ALG9,ALG3,ALG3|ALG9,1,0.08087762055680456,-0.11504953851938182,0.09796357953809319,-0.017085958981288632,1.390802902092167,-0.8769615519398573,1.133882227016012,0.2569206750761549,1.2882748974187386,-1.3802106096807152,1.3342427535497268,-0.045967856130988305,0.8974364431139208,-1.1399686532760867,1.0187025481950038,-0.12126610508108293,0.9075236884354627,-1.15905107080457,1.0332873796200164,-0.12576369118455366
OST5,OST3,OST3|OST5,1,-0.44049196684997144,-0.694580127162218,0.12704408015612326,-0.5675360470060947,-0.29178099999254653,-1.2949898688651833,0.5016044344363184,-0.7933854344288649,-0.2189901956435276,-1.1281744950582517,0.45459214970736206,-0.6735823453508897,0.06322772563699539,-1.0937954095970792,0.5785115676170373,-0.515283841980042,-0.12183987464551457,-1.000318067659022,0.4392390965067537,-0.5610789711522682
MNS1,ANP1,ANP1|MNS1,1,-0.379927818303453,-0.15508482644131774,-0.11242149593106764,-0.26750632237238536,-0.14195270839422897,-1.2673267236053536,0.5626870076055623,-0.7046397159997912,-0.3635193505123513,-0.7908055686885042,0.21364310908807643,-0.5771624596004277,-0.2937116931546462,-0.8827471888103892,0.2945177478278715,-0.5882294409825177,-0.223595933158032,-0.9387447238122161,0.357574395327092,-0.5811703284851241
CWH41,MNS1,CWH41|MNS1,0,-0.07708572543667712,0.042393652803497,-0.059739689120087064,-0.01734603631659006,-1.5318894312241333,-0.45792422687074713,-0.5369826021766931,-0.9949068290474402,-1.331626868309212,-0.4466314856516129,-0.44249769132879957,-0.8891291769804125,-1.2316469104390935,-0.3863365238848988,-0.42265519327709733,-0.8089917171619961,-1.1690680145217456,-0.42565802367888317,-0.3717049954214312,-0.7973630191003144
MNN2,MNS1,MNN2|MNS1,0,-0.6900355274913934,-0.26447521197046886,-0.21278015776046227,-0.47725536973093113,-1.9959388955043436,0.021595086411780186,-1.0087669909580619,-0.9871719045462817,-1.2713033016895203,-0.17875424113391733,-0.5462745302778015,-0.7250287714117188,-1.2917715494048516,-0.34506767010883027,-0.4733519396480107,-0.8184196097568409,-1.236016781629586,-0.28782317270764607,-0.4740968044609699,-0.761919977168616
ROT2,MNS1,MNS1|ROT2,0,-0.08200769230926273,0.02033011658342762,-0.05116890444634518,-0.030838787862917556,-1.655713222438799,-0.5141861357098608,-0.5707635433644691,-1.0849496790743298,-1.2710675488351206,-0.5289051877130522,-0.37108118056103423,-0.8999863682740864,-1.4267777943064082,-0.4471440013316026,-0.4898168964874028,-0.9369608978190054,-1.4492289272719323,-0.3971741480475126,-0.5260273896122099,-0.9232015376597225
OST5,MNS1,MNS1|OST5,0,-0.21609233405829428,-0.3830548558433471,0.0834812608925264,-0.2995735949508207,-0.7397380153007306,-0.5981509922156699,-0.07079351154253033,-0.6689445037582002,-0.6162557840197462,-0.5480019107695581,-0.034126936625094084,-0.5821288473946522,-0.8578039223567966,-0.3086544765884344,-0.27457472288418105,-0.5832291994726155,-0.9598557114642462,-0.24356283842556423,-0.35814643651934097,-0.6017092749449052
DIE2,MNS1,DIE2|MNS1,0,-1.5655027743491714,-0.13803676641515955,-0.7137330039670059,-0.8517697703821655,-1.7241315995812423,-0.18775072602800333,-0.7681904367766195,-0.9559411628046228,-1.3359895570983908,-0.1349853428727395,-0.6005021071128257,-0.7354874499855651,-0.9895118191416961,0.1361492366929712,-0.5628305279173336,-0.42668129122436244,-1.003653642820823,0.15971519489910885,-0.5816844188599659,-0.421969223960857
ALG5,MNS1,ALG5|MNS1,0,-0.17511526191304205,0.08257337971550614,-0.1288443208142741,-0.046270941098767955,-0.8278505265087269,-0.5096682172860666,-0.15909115461133017,-0.6687593718973968,-0.9733795168195764,-0.6203483844851129,-0.17651556616723174,-0.7968639506523446,-1.1171368164656958,-0.1859318622726928,-0.46560247709650154,-0.6515343393691944,-1.0768943620501072,-0.10480516754351023,-0.4860445972532985,-0.5908497647968087
ALG8,MNS1,ALG8|MNS1,0,-0.10579574789575112,-0.0014981734649955841,-0.052148787215377766,-0.053646960680373355,-0.8185751575773307,-0.9086911710329445,0.04505800672780691,-0.8636331643051376,-1.1390853648771917,-0.7323878657129412,-0.20334874958212523,-0.9357366152950665,-1.0776918869126266,-0.2632440839739473,-0.4072239014693397,-0.6704679854432869,-1.087015790818285,-0.15337819727710494,-0.46681879677059,-0.6201969940476949
ALG12,MNS1,ALG12|MNS1,0,-0.0992538742838314,0.0020387821114899243,-0.050646328197660656,-0.04860754608617074,-0.08130283053063647,0.009441194001457381,-0.045372012266046924,-0.03593081826458955,-1.0119131616021284,-0.7793911608285646,-0.11626100038678189,-0.8956521612153465,-1.1159161394888928,-1.0213172512327442,-0.0472994441280743,-1.0686166953608185,-1.1889810449940998,-0.9661245687425304,-0.11142823812578473,-1.0775528068683151
ALG9,MNS1,ALG9|MNS1,0,-1.007847559832294,-0.823956068202435,-0.09194574581492948,-0.9159018140173645,-1.4088758714664706,-1.4987851194142705,0.04495462397389993,-1.4538304954403705,-1.6103403950778876,-1.303723752577444,-0.15330832125022176,-1.4570320738276659,-1.202636293097912,-0.9323731782388363,-0.13513155742953786,-1.0675047356683742,-1.3159405986207235,-0.888676361302979,-0.21363211865887227,-1.1023084799618512
ALG6,MNS1,ALG6|MNS1,0,-0.14537752699703535,0.010594544970696082,-0.07798603598386572,-0.06739149101316963,-0.894359538109391,-0.6454149168805984,-0.12447231061439629,-0.7698872274949946,-1.3903140096774587,-0.2802250102745513,-0.5550444997014536,-0.835269509976005,-1.0852365528952495,0.0594606476005517,-0.5723486002479006,-0.5128879526473489,-1.1262897969678387,0.16618482440946433,-0.6462373106886515,-0.4800524862791872
ALG3,MNS1,ALG3|MNS1,0,-0.12499134763940402,0.046218634177366304,-0.08560499090838516,-0.039386356731018854,-1.6207044196862235,-1.9327659629548615,0.156030771634319,-1.7767351913205425,-1.3935923306182794,-1.8446538848313363,0.22553077710652847,-1.6191231077248078,-1.6002118486647214,-0.7730090456527585,-0.41360140150598146,-1.18661044715874,-1.532636042213934,-0.8147130966616238,-0.3589614727761551,-1.1736745694377788
OST3,MNS1,MNS1|OST3,0,-0.04044637382953476,-0.041462395467894486,0.0005080108191798625,-0.04095438464871462,-1.2111246916237899,-0.25093511565003634,-0.48009478798687677,-0.7310299036369131,-0.9759878141729836,-0.24723931885434702,-0.3643742476593183,-0.6116135665136653,-1.055167560074342,-0.14209938040624182,-0.4565340898340501,-0.5986334702402919,-1.170963358278706,-0.09982085266381041,-0.5355712528074478,-0.6353921054712582
ANP1,MNS1,ANP1|MNS1,0,-0.15508482644131774,-0.379927818303453,0.11242149593106764,-0.26750632237238536,-1.2673267236053536,-0.14195270839422897,-0.5626870076055623,-0.7046397159997912,-0.7908055686885042,-0.3635193505123513,-0.21364310908807643,-0.5771624596004277,-0.8827471888103892,-0.2937116931546462,-0.2945177478278715,-0.5882294409825177,-0.9387447238122161,-0.223595933158032,-0.357574395327092,-0.5811703284851241
BTS1,HMG1,BTS1|HMG1,0,-1.5320858845368122,0.5846625057545811,-1.0583741951456966,-0.4737116893911155,-0.738726100769255,0.01709905119285172,-0.3779125759810534,-0.36081352478820167,-1.4627614990862607,-0.2911265853003934,-0.5858174568929336,-0.8769440421933271,-1.1067053696873896,-0.17901967877324265,-0.4638428454570735,-0.6428625242303161,-1.0911292563210186,-0.17842835391850154,-0.45635045120125856,-0.63477880511976
PCT1,PSD2,PCT1|PSD2,0,-1.0660916254847064,0.12260989366974329,-0.5943507595772248,-0.47174086590748154,-0.634051766059762,-0.11609466830651517,-0.2589785488766234,-0.3750732171831386,-1.2023421967819796,-0.4348226000085023,-0.3837597983867387,-0.8185823983952409,-0.6074227081252235,-0.8745162036914126,0.13354674778309455,-0.740969455908318,-0.6194833529575868,-0.659936510325639,0.02022657868402611,-0.6397099316416129
DOA4,STP22,DOA4|STP22,0,-1.1523276935496714,-0.046899210750452024,-0.5527142413996097,-0.5996134521500617,-1.0856100296414264,-0.8900300812703027,-0.09778997418556185,-0.9878200554558645,-0.92305533051111,-1.060743450849401,0.06884406016914546,-0.9918993906802555,-0.8259934605052427,-0.9079333900224555,0.040969964758606425,-0.8669634252638492,-0.9180205826078083,-0.8555039830852704,-0.031258299761268926,-0.8867622828465394
GCS1,STP22,GCS1|STP22,0,-0.7253359587595192,0.9931195858673447,-0.859227772313432,0.13389181355391278,-0.9073751821383128,0.3296763006587917,-0.6185257413985523,-0.28884944073976054,-0.9961990430469507,0.1681466982773142,-0.5821728706621325,-0.41402617238481826,-0.9095464997950151,0.08419140071120375,-0.49686895025310945,-0.41267754954190566,-0.9284613151623012,0.1447573206435837,-0.5366093179029425,-0.39185199725935876
VPS28,STP22,STP22|VPS28,0,-0.9712627117233865,-0.08350966847915336,-0.44387652162211655,-0.52738619010127,-0.9497272353840356,0.004121492586035153,-0.47692436398503535,-0.47280287139900024,-0.715011883869816,0.33616564210388594,-0.525588762986851,-0.189423120882965,-0.9511719110680547,0.12580695904229158,-0.5384894350551731,-0.41268247601288155,-0.9534640296421973,0.1739405452697018,-0.5637022874559495,-0.38976174218624776
GOS1,TLG2,GOS1|TLG2,0,-0.9631713678697796,0.37625501632875397,-0.6697131920992668,-0.2934581757705128,-0.9469975254783672,-0.3621073982930654,-0.29244506359265093,-0.6545524618857164,-1.0174486272934153,-0.7575044407639585,-0.12997209326472842,-0.887476534028687,-0.9974283702961334,-0.7218378347667085,-0.13779526776471246,-0.859633102531421,-1.07951087794061,-0.6690074140632946,-0.2052517319386577,-0.8742591460019522
SEC22,TLG2,SEC22|TLG2,0,-0.6565325251065233,-0.30876716895326534,-0.17388267807662897,-0.48264984702989433,-0.8250623249931546,-0.7058659880658932,-0.059598168463630696,-0.7654641565295239,-1.3171833994244828,-1.6286720586844232,0.1557443296299702,-1.4729277290544531,-1.0663055718358105,-0.7098263522594306,-0.17823960978818998,-0.8880659620476206,-1.0338246334956056,-0.6415115822175946,-0.19615652563900549,-0.8376681078566002
STP22,DOA4,DOA4|STP22,0,-0.046899210750452024,-1.1523276935496714,0.5527142413996097,-0.5996134521500617,-0.8900300812703027,-1.0856100296414264,0.09778997418556185,-0.9878200554558645,-1.060743450849401,-0.92305533051111,-0.06884406016914546,-0.9918993906802555,-0.9079333900224698,-0.8259934605052427,-0.04096996475861353,-0.8669634252638563,-0.8555039830852704,-0.9180205826078083,0.031258299761268926,-0.8867622828465394
GCS1,DOA4,DOA4|GCS1,0,0.4448242122006746,-0.12797046399961345,0.286397338100144,0.15842687410053058,-0.9394962519265655,-0.6412704356862899,-0.14911290812013778,-0.7903833438064277,-1.419323656523375,-0.5284066113685633,-0.4454585225774059,-0.9738651339459692,-1.2117296487263545,-0.3166892459253837,-0.4475202014004854,-0.7642094473258692,-1.1930474035497742,-0.6156928750537837,-0.2886772642479953,-0.9043701393017789
VPS28,DOA4,DOA4|VPS28,0,-0.06256080239981286,-0.05952273910659793,-0.001519031646607466,-0.061041770753205396,-1.0913725187721848,-0.13875327917502386,-0.47630961979858044,-0.6150628989736043,-1.111049423698324,-0.14500578498193087,-0.48302181935819655,-0.6280276043401274,-1.1616432300106072,-0.24152772162881825,-0.46005775419089445,-0.7015854758197128,-0.9868033420173589,-0.24351802778160894,-0.371642657117875,-0.615160684899484
PSD2,PCT1,PCT1|PSD2,0,0.12260989366974329,-1.0660916254847064,0.5943507595772248,-0.47174086590748154,-0.11609466830651517,-0.634051766059762,0.2589785488766234,-0.3750732171831386,-0.4348226000085023,-1.2023421967819796,0.3837597983867387,-0.8185823983952409,-0.8745162036914126,-0.6074227081252235,-0.13354674778309455,-0.740969455908318,-0.659936510325639,-0.6194833529575868,-0.02022657868402611,-0.6397099316416129
OST5,CWH41,CWH41|OST5,0,-0.4113701121952198,-0.13860758839245751,-0.13638126190138114,-0.2749888502938387,-0.05000102842622179,-0.4475202835355588,0.1987596275546685,-0.24876065598089028,-0.221128412217738,-0.5881427287368852,0.18350715825957362,-0.4046355704773116,-0.6349224220529177,-0.18918100292801807,-0.2228707095624498,-0.4120517124904679,-0.6490164678683656,-0.19230084148078608,-0.22835781319378978,-0.42065865467457586
DIE2,CWH41,CWH41|DIE2,0,-1.1643329603117671,-0.9530991095931296,-0.10561692535931877,-1.0587160349524485,-0.6439910414817641,-1.2387905749441297,0.2973997667311828,-0.941390808212947,-0.9890765811924778,-1.5079643402895104,0.25944387954851633,-1.248520460740994,-0.23077892999590213,-0.9584706586428615,0.3638458643234797,-0.5946247943193819,-0.29016830918240993,-0.9931258374260178,0.3514787641218039,-0.6416470733042139
ALG5,CWH41,ALG5|CWH41,0,-0.6030163455985743,-0.7218145421547429,0.05939909827808432,-0.6624154438766586,-0.7361312474267528,-0.7981847894111511,0.031026770992199137,-0.7671580184189519,-0.5544437497452026,-0.5871180762850335,0.016337163269915467,-0.570780913015118,-0.6913821667490784,-0.6554557261992681,-0.017963220274905156,-0.6734189464741732,-0.6910803665478357,-0.6728998736412624,-0.009090246453286654,-0.6819901200945491
ALG8,CWH41,ALG8|CWH41,0,-1.0369910351671048,-0.873184853141398,-0.08190309101285337,-0.9550879441542515,-1.0373922313156343,-0.9925845451756468,-0.022403843069993767,-1.0149883882456405,-0.8621697743306629,-0.701976367426904,-0.08009670345187947,-0.7820730708787834,-1.048793861976249,-1.0403223468691893,-0.004235757553529784,-1.0445581044227192,-1.0620191227097404,-1.0687740930934688,0.0033774851918642046,-1.0653966079016046
ALG12,CWH41,ALG12|CWH41,0,-1.079014986073519,-0.7963373047763851,-0.14133884064856694,-0.937676145424952,-0.9719639821192368,-0.9418014605044577,-0.015081260807389585,-0.9568827213118473,-0.9161495214620028,-0.8841854698255434,-0.015982025818229717,-0.9001674956437731,-0.8494209397222583,-1.0003218157641314,0.07545043802093654,-0.9248713777431948,-0.826621937341352,-1.034771911768246,0.10407498721344693,-0.9306969245547989
ALG9,CWH41,ALG9|CWH41,0,-0.36019139698228847,-0.7045328781545968,0.17217074058615414,-0.5323621375684426,-0.5374623204185697,-0.8676022058143381,0.16506994269788422,-0.7025322631164539,-0.7129625569360667,-1.0316112075949946,0.15932432532946394,-0.8722868822655306,-1.076366053099681,-1.2460692761101415,0.08485161150523024,-1.1612176646049113,-1.052527960277096,-1.2429256706181617,0.09519885517053284,-1.147726815447629
ALG6,CWH41,ALG6|CWH41,0,-0.8545042375717464,-0.4096318482551246,-0.2224361946583109,-0.6320680429134355,-0.8324664859069056,-0.8717332338334272,0.01963337396326076,-0.8520998598701663,-0.8189829915456819,-0.8493748085591426,0.01519590850673036,-0.8341789000524122,-0.9926320281113419,-0.9731953569278319,-0.009718335591755,-0.9829136925195869,-1.0089601856977475,-0.9960488136691862,-0.006455686014280648,-1.0025044996834669
ALG3,CWH41,ALG3|CWH41,0,-0.9801241315027008,-1.8887550313012709,0.454315449899285,-1.434439581401986,-1.1053879418648878,-1.3301079336530464,0.1123599958940793,-1.217747937758967,-1.0757050634349405,-1.3243248300902337,0.12430988332764659,-1.2000149467625871,-1.2477699880340987,-1.0595540610993577,-0.09410796346737049,-1.1536620245667282,-1.1492944037529813,-1.1437331702054627,-0.0027806167737592924,-1.146513786979222
OST3,CWH41,CWH41|OST3,0,-0.4812475861259995,-1.0586466146655276,0.28869951426976403,-0.7699471003957635,-0.6583843013911573,-1.1735221304739318,0.25756891454138725,-0.9159532159325445,-0.48645615168088757,-1.1175885085024668,0.3155661784107896,-0.8020223300916772,-0.9087948709481941,-1.4098763656022186,0.25054074732701226,-1.1593356182752064,-0.9452015413628654,-1.3208106499810073,0.18780455430907095,-1.1330060956719363
UBC7,UFD2,UBC7|UFD2,0,-0.7114477440260359,-0.27906772940981955,-0.2161900073081082,-0.4952577367179277,-0.6553750526455697,-0.10507969167796084,-0.27514768048380445,-0.3802273721617653,-0.8383272868341842,-0.36969129304180864,-0.2343179968961878,-0.6040092899379964,-1.1247434151918956,-0.9580175392127713,-0.08336293798956212,-1.0413804772023334,-1.159634301092744,-1.0385150562011738,-0.060559622445785055,-1.099074678646959
HRD1,UFD2,HRD1|UFD2,0,-1.0108710280899225,-0.613138381592609,-0.19886632324865672,-0.8120047048412657,-0.8910382123048266,-0.6892396797752481,-0.10089926626478923,-0.7901389460400374,-0.9821222991868503,-0.7264519502511937,-0.12783517446782833,-0.854287124719022,-0.9552422613992544,-0.7964289265141625,-0.07940666744254593,-0.8758355939567084,-0.9598301761444393,-0.8197166058755891,-0.07005678513442509,-0.8897733910100143
TLG2,GOS1,GOS1|TLG2,0,0.37625501632875397,-0.9631713678697796,0.6697131920992668,-0.2934581757705128,-0.3621073982930654,-0.9469975254783672,0.29244506359265093,-0.6545524618857164,-0.7575044407639585,-1.0174486272934153,0.12997209326472842,-0.887476534028687,-0.7218378347667085,-0.9974283702961334,0.13779526776471246,-0.859633102531421,-0.6690074140632946,-1.07951087794061,0.2052517319386577,-0.8742591460019522
SEC22,GOS1,GOS1|SEC22,0,-0.5836139459344979,-1.0216349867993562,0.21901052043242913,-0.8026244663669271,-0.6271522270302181,-1.005023785517255,0.18893577924351845,-0.8160880062737366,-1.1181566930713362,-1.358091514631759,0.11996741078021134,-1.2381241038515476,-0.9105164299362534,-1.6227976664643413,0.356140618264044,-1.2666570482002975,-0.8371439790014147,-1.682947613045846,0.4229018170222157,-1.2600457960236304
STP22,GCS1,GCS1|STP22,0,0.9931195858673447,-0.7253359587595192,0.859227772313432,0.13389181355391278,0.3296763006587917,-0.9073751821383128,0.6185257413985523,-0.28884944073976054,0.1681466982773142,-0.9961990430469507,0.5821728706621325,-0.41402617238481826,0.08419140071120375,-0.9095464997950151,0.49686895025310945,-0.41267754954190566,0.1447573206435837,-0.9284613151623012,0.5366093179029425,-0.39185199725935876
DOA4,GCS1,DOA4|GCS1,0,-0.12797046399961345,0.4448242122006746,-0.286397338100144,0.15842687410053058,-0.6412704356862899,-0.9394962519265655,0.14911290812013778,-0.7903833438064277,-0.5284066113685633,-1.419323656523375,0.4454585225774059,-0.9738651339459692,-0.3166892459253837,-1.2117296487263545,0.4475202014004854,-0.7642094473258692,-0.6156928750537837,-1.1930474035497742,0.2886772642479953,-0.9043701393017789
VPS28,GCS1,GCS1|VPS28,0,0.5995189385495974,0.2434161649708405,0.17805138678937843,0.42146755176021894,0.6965954874590938,0.08950291016897573,0.30354628864505906,0.3930491988140348,0.2859925207686987,-0.2485532890527072,0.26727290491070294,0.01871961585799574,-0.2214080146846361,-0.5884572935872057,0.18352463945128478,-0.4049326541359209,-0.2744899330814233,-0.4208001293662594,0.07315509814241805,-0.3476450312238413
CWH41,ROT2,CWH41|ROT2,0,-0.355972175562417,-0.2729432167962715,-0.04151447938307276,-0.31445769617934427,-0.3213044407355593,-0.0976188093658371,-0.1118428156848611,-0.2094616250506982,-0.16735608930068982,0.2825801485822838,-0.22496811894148683,0.057612029640796994,-0.15396457326535679,-0.07849423439039224,-0.03773516943748227,-0.11622940382787451,-0.10156338461720368,-0.14025341154190835,0.01934501346235233,-0.12090839807955601
OST5,ROT2,OST5|ROT2,0,-0.0292402972414328,-0.35112120266106056,0.16094045270981389,-0.19018074995124667,0.4203511169046555,-1.0308680808458166,0.725609598875236,-0.3052584819705806,0.29551685722987514,-1.0824838125166403,0.6890003348732577,-0.39348347764338254,-0.1785682101121528,-1.0379349717386062,0.42968338081322666,-0.6082515909253795,-0.26593106928799803,-0.9883997689316752,0.3612343498218386,-0.6271654191098366
DIE2,ROT2,DIE2|ROT2,0,-1.0533183777307997,-0.4201478223974917,-0.316585277666654,-0.7367331000641457,-0.37871332575796707,-0.7227802111252273,0.1720334426836301,-0.5507467684415972,-0.7039144182033253,-1.0100324281907471,0.1530590049937109,-0.8569734231970363,-0.7751956172217872,-0.94676890770051,0.08578664523936141,-0.8609822624611486,-0.798451127693339,-1.038350812303145,0.11994984230490302,-0.9184009699982421
ALG5,ROT2,ALG5|ROT2,0,-0.8684049893495351,-0.1959713057710806,-0.3362168417892273,-0.5321881475603079,-0.6330871143451267,-0.7603763487899009,0.06364461722238712,-0.6967317315675138,-0.4704876737144708,-0.615637732594302,0.07257502943991559,-0.5430627031543864,-0.5155449050523803,-0.33328600328241675,-0.09112945088498176,-0.4244154541673985,-0.5434359121597369,-0.3542000897822923,-0.09461791118872229,-0.44881800097101454
ALG8,ROT2,ALG8|ROT2,0,-0.5276043073321826,0.040237476167796306,-0.2839208917499894,-0.2436834155821931,-0.8302522529254299,-0.8930472246552809,0.03139748586492547,-0.8616497387903554,-0.850407653692207,-0.930687823222897,0.040140084765344974,-0.890547738457552,-0.8726955259790831,-0.8634064675516152,-0.004644529213733928,-0.8680509967653491,-0.9294649076212185,-0.8744184564573849,-0.027523225581916777,-0.9019416820393017
ALG12,ROT2,ALG12|ROT2,0,-0.15639276739991603,0.07753101140241542,-0.11696188940116573,-0.03943087799875031,-1.566796827506584,-0.7637533559847578,-0.4015217357609131,-1.165275091745671,-1.5536176378768234,-0.7914391346357735,-0.3810892516205249,-1.1725283862562985,-1.297259218879358,-0.3759968701758153,-0.4606311743517713,-0.8366280445275867,-1.3189160746046809,-0.39359587260046175,-0.4626601010021095,-0.8562559736025713
ALG9,ROT2,ALG9|ROT2,0,-0.8543555706107071,-0.4348814167096973,-0.2097370769505049,-0.6446184936602022,-0.842784594280933,-0.407116268634745,-0.217834162823094,-0.624950431457839,-0.9027726625075556,-0.487532020234758,-0.2076203211363988,-0.6951523413711568,-1.1536057030734264,-0.5638729412884821,-0.29486638089247214,-0.8587393221809543,-1.1701644305159562,-0.5935521735037864,-0.2883061285060849,-0.8818583020098714
ALG6,ROT2,ALG6|ROT2,0,-0.8915612889404715,-0.4750969301940691,-0.20823217937320118,-0.6833291095672703,-0.8041695564345902,-1.2143537539174025,0.20509209874140616,-1.0092616551759963,-0.8321569496529109,-1.1789696823670484,0.17340636635706874,-1.0055633160099795,-0.9883352023441706,-0.9399051306328023,-0.02421503585568413,-0.9641201664884864,-1.0194402017342559,-0.899664667842949,-0.05988776694565345,-0.9595524347886024
ALG3,ROT2,ALG3|ROT2,0,-0.9578788208927584,-1.6395079630277607,0.3408145710675011,-1.2986933919602595,-0.8446186544705222,-0.5426413604420166,-0.1509886470142528,-0.6936300074562693,-0.7823074887610875,-0.3955983350779964,-0.19335457684154553,-0.5889529119195419,-0.9807747126504098,-0.26387776478662156,-0.35844847393189416,-0.6223262387185157,-0.9362524651193399,-0.3290798100640439,-0.303586327527648,-0.6326661375916919
OST3,ROT2,OST3|ROT2,0,-0.5102232252420397,-0.6931507205604461,0.09146374765920323,-0.6016869729012428,-0.751121996593175,-1.2044021895592323,0.22664009648302863,-0.9777620930762037,-0.5005925322891553,-1.1851112889693194,0.342259378340082,-0.8428519106292374,-0.9184993262388165,-1.349815183758169,0.2156579287596762,-1.1341572549984926,-0.9107775727376101,-1.3379562531755387,0.2135893402189643,-1.1243669129565743
DOA4,VPS28,DOA4|VPS28,0,-0.05952273910659793,-0.06256080239981286,0.001519031646607466,-0.061041770753205396,-0.13875327917502386,-1.0913725187721848,0.47630961979858044,-0.6150628989736043,-0.14500578498193087,-1.111049423698324,0.48302181935819655,-0.6280276043401274,-0.24152772162881825,-1.1616432300106072,0.46005775419089445,-0.7015854758197128,-0.24351802778160894,-0.9868033420173589,0.371642657117875,-0.615160684899484
GCS1,VPS28,GCS1|VPS28,0,0.2434161649708405,0.5995189385495974,-0.17805138678937843,0.42146755176021894,0.08950291016897573,0.6965954874590938,-0.30354628864505906,0.3930491988140348,-0.2485532890527072,0.2859925207686987,-0.26727290491070294,0.01871961585799574,-0.5884572935872057,-0.2214080146846361,-0.18352463945128478,-0.4049326541359209,-0.4208001293662594,-0.2744899330814233,-0.07315509814241805,-0.3476450312238413
MNS1,OST5,MNS1|OST5,0,-0.3830548558433471,-0.21609233405829428,-0.0834812608925264,-0.2995735949508207,-0.5981509922156699,-0.7397380153007306,0.07079351154253033,-0.6689445037582002,-0.5480019107695581,-0.6162557840197462,0.034126936625094084,-0.5821288473946522,-0.3086544765884344,-0.8578039223567966,0.27457472288418105,-0.5832291994726155,-0.24356283842556423,-0.9598557114642462,0.35814643651934097,-0.6017092749449052
CWH41,OST5,CWH41|OST5,0,-0.13860758839245751,-0.4113701121952198,0.13638126190138114,-0.2749888502938387,-0.4475202835355588,-0.05000102842622179,-0.1987596275546685,-0.24876065598089028,-0.5881427287368852,-0.221128412217738,-0.18350715825957362,-0.4046355704773116,-0.18918100292801807,-0.6349224220529177,0.2228707095624498,-0.4120517124904679,-0.19230084148078608,-0.6490164678683656,0.22835781319378978,-0.42065865467457586
ROT2,OST5,OST5|ROT2,0,-0.35112120266106056,-0.0292402972414328,-0.16094045270981389,-0.19018074995124667,-1.0308680808458166,0.4203511169046555,-0.725609598875236,-0.3052584819705806,-1.0824838125166403,0.29551685722987514,-0.6890003348732577,-0.39348347764338254,-1.0379349717386062,-0.1785682101121528,-0.42968338081322666,-0.6082515909253795,-0.9883997689316752,-0.26593106928799803,-0.3612343498218386,-0.6271654191098366
DIE2,OST5,DIE2|OST5,0,-0.5690752396257858,-0.14963653759746118,-0.20971935101416228,-0.3593558886116235,-0.2967297424600006,-0.07750415867816719,-0.10961279189091672,-0.1871169505690839,-0.43580239258181025,0.31093695704198904,-0.37336967481189964,-0.062432717769910606,1.685919526844623,-0.5638232090553713,1.124871367949997,0.5610481588946259,1.5484672456589836,-0.422845319441137,0.9856562825500603,0.5628109631089233
ALG5,OST5,ALG5|OST5,0,-1.0018954529200625,0.6753955176207437,-0.8386454852704031,-0.16324996764965943,-0.951753651492029,-1.0327934408267279,0.040519894667349454,-0.9922735461593784,-0.9218245467656909,-0.6084755978191,-0.15667447447329547,-0.7651500722923954,-1.3065119897186457,-1.062305795793437,-0.12210309696260435,-1.1844088927560414,-1.375191981209838,-0.8474538634097616,-0.26386905890003826,-1.1113229223097998
ALG8,OST5,ALG8|OST5,0,-1.1072931071190715,0.4127050028103048,-0.7599990549646881,-0.34729405215438336,-1.2092322515009135,-0.8429348685196338,-0.18314869149063984,-1.0260835600102736,-1.2477372413702557,-0.7753227583164155,-0.23620724152692008,-1.0115299998433356,-1.3826083526631436,-1.0652238833995873,-0.15869223463177817,-1.2239161180313656,-1.4329484231768845,-0.9843684613857804,-0.22428998089555208,-1.2086584422813325
ALG12,OST5,ALG12|OST5,0,-0.9733731544021909,0.2945731954071926,-0.6339731749046917,-0.3393999794974991,-0.992165255024301,0.2608079475046839,-0.6264866012644924,-0.36567865375980857,-0.9583691610799783,0.2714126071041901,-0.6148908840920841,-0.3434782769878941,-0.21276687290476806,0.420554530170394,-0.316660701537581,0.10389382863281298,0.1585121289097548,0.11941331966028129,0.019549404624736755,0.13896272428501805
ALG9,OST5,ALG9|OST5,0,-1.3516818924168645,0.3355028226119012,-0.8435923575143829,-0.5080895349024817,-1.3440351507302775,0.2546184015509429,-0.7993267761406102,-0.5447083745896673,-1.290659877803127,0.26175142447674826,-0.7762056511399377,-0.5144542266631894,0.5921271265162424,-0.9195576948106656,0.755842410663454,-0.1637152841472116,0.45542428365644355,-0.8603180392327797,0.6578711614446117,-0.20244687778816808
ALG6,OST5,ALG6|OST5,0,-1.1976287719087177,-0.02101293643827166,-0.5883079177352231,-0.6093208541734947,-1.128397931782813,-0.7139444989412617,-0.20722671642077567,-0.9211712153620373,-1.1925248453423345,-0.7128482418890583,-0.23983830172663811,-0.9526865436156964,-1.4388524401914609,-0.7090546945903162,-0.3648988728005723,-1.0739535673908884,-1.5507356671255617,-0.673058391892185,-0.43883863761668834,-1.1118970295088733
ALG3,OST5,ALG3|OST5,0,-0.5467839252882066,0.4235243531132132,-0.48515413920070993,-0.061629786087496724,-0.18762612039467863,-2.179216996810224,0.9957954382077727,-1.1834215586024512,-0.10525356673925643,-1.5422506772144047,0.7184985552375741,-0.8237521219768306,-1.3853563012981025,-1.2509811306314649,-0.06718758533331881,-1.3181687159647837,-1.337642942773666,-1.4972574987286,0.079807277977467,-1.417450220751133
OST3,OST5,OST3|OST5,0,-0.694580127162218,-0.44049196684997144,-0.12704408015612326,-0.5675360470060947,-1.2949898688651833,-0.29178099999254653,-0.5016044344363184,-0.7933854344288649,-1.1281744950582517,-0.2189901956435276,-0.45459214970736206,-0.6735823453508897,-1.0937954095970792,0.06322772563699539,-0.5785115676170373,-0.515283841980042,-1.000318067659022,-0.12183987464551457,-0.4392390965067537,-0.5610789711522682
MNS1,DIE2,DIE2|MNS1,0,-0.13803676641515955,-1.5655027743491714,0.7137330039670059,-0.8517697703821655,-0.18775072602800333,-1.7241315995812423,0.7681904367766195,-0.9559411628046228,-0.1349853428727395,-1.3359895570983908,0.6005021071128257,-0.7354874499855651,0.1361492366929712,-0.9895118191416961,0.5628305279173336,-0.42668129122436244,0.15971519489910885,-1.003653642820823,0.5816844188599659,-0.421969223960857
CWH41,DIE2,CWH41|DIE2,0,-0.9530991095931296,-1.1643329603117671,0.10561692535931877,-1.0587160349524485,-1.2387905749441297,-0.6439910414817641,-0.2973997667311828,-0.941390808212947,-1.5079643402895104,-0.9890765811924778,-0.25944387954851633,-1.248520460740994,-0.9584706586428615,-0.23077892999590213,-0.3638458643234797,-0.5946247943193819,-0.9931258374260178,-0.29016830918240993,-0.3514787641218039,-0.6416470733042139
ROT2,DIE2,DIE2|ROT2,0,-0.4201478223974917,-1.0533183777307997,0.316585277666654,-0.7367331000641457,-0.7227802111252273,-0.37871332575796707,-0.1720334426836301,-0.5507467684415972,-1.0100324281907471,-0.7039144182033253,-0.1530590049937109,-0.8569734231970363,-0.94676890770051,-0.7751956172217872,-0.08578664523936141,-0.8609822624611486,-1.038350812303145,-0.798451127693339,-0.11994984230490302,-0.9184009699982421
OST5,DIE2,DIE2|OST5,0,-0.14963653759746118,-0.5690752396257858,0.20971935101416228,-0.3593558886116235,-0.07750415867816719,-0.2967297424600006,0.10961279189091672,-0.1871169505690839,0.31093695704198904,-0.43580239258181025,0.37336967481189964,-0.062432717769910606,-0.5638232090553713,1.685919526844623,-1.124871367949997,0.5610481588946259,-0.422845319441137,1.5484672456589836,-0.9856562825500603,0.5628109631089233
ALG5,DIE2,ALG5|DIE2,0,-0.40908618228868066,0.027206942436577092,-0.21814656236262886,-0.1909396199260518,-0.9135487729446256,-0.05480698596323245,-0.42937089349069657,-0.484177879453929,-0.8973503391277766,-0.5922360504380156,-0.1525571443448805,-0.7447931947828961,-0.8142271061540927,0.3657221111006198,-0.5899746086273563,-0.22425249752673643,-0.7126889110252145,0.30428158442155434,-0.5084852477233844,-0.20420366330183007
ALG8,DIE2,ALG8|DIE2,0,-0.668986423527469,-0.4380283355707647,-0.11547904397835212,-0.5535073795491168,-0.9186368716945957,-0.1853923961313894,-0.3666222377816032,-0.5520146339129925,-0.9341213900734971,-0.5249819920027,-0.20456969903539857,-0.7295516910380986,-0.9133587257566486,0.8120753048338332,-0.8627170152952408,-0.050641710461407696,-0.8478305225103552,0.7746281133977904,-0.8112293179540728,-0.03660120455628241
ALG12,DIE2,ALG12|DIE2,0,-1.0121262482540616,-0.8103743869479085,-0.10087593065307654,-0.9112503176009851,-0.8492632605371248,-0.25814334337364037,-0.2955599585817422,-0.5537033019553825,-0.8135568430800555,-0.16590917828570104,-0.3238238323971772,-0.4897330106828783,-1.0093666788338267,-0.2763502969381136,-0.3665081909478566,-0.6428584878859701,-0.9221966228197543,-0.37599748794319704,-0.2730995674382787,-0.6490970553814757
ALG9,DIE2,ALG9|DIE2,0,-0.8060253582232074,-0.5340421236684751,-0.13599161727736614,-0.6700337409458412,-1.0214670039647111,0.06959652963484834,-0.5455317667997798,-0.4759352371649314,-1.0760783611274114,-0.16484962387808538,-0.455614368624663,-0.6204639925027484,-0.6741657877259241,0.001631118770367978,-0.337898453248146,-0.33626733447777807,-0.6720051535653012,-0.13051099734285357,-0.27074707811122384,-0.4012580754540774
ALG6,DIE2,ALG6|DIE2,0,-0.9433462762167024,-0.6735058866111875,-0.13492019480275746,-0.808426081413945,-1.0672571201463679,-0.399721896496454,-0.33376761182495696,-0.7334895083214109,-0.7199827326671433,-0.462946156888484,-0.12851828788932965,-0.5914644447778137,-0.9041054024298595,0.32692391578891744,-0.6155146591093885,-0.288590743320471,-0.8251720841348898,0.30061883138972917,-0.5628954577623095,-0.2622766263725803
ALG3,DIE2,ALG3|DIE2,0,-0.29311302368137554,-2.0640443055858735,0.885465640952249,-1.1785786646336245,-0.31519405185389054,-1.7670351340528703,0.7259205410994899,-1.0411145929533805,-0.4215819853802989,-1.584227158602911,0.5813225866113061,-1.002904571991605,-1.5240374524121143,0.0009300989776274143,-0.7624837756948709,-0.7615536767172434,-1.2221681797096724,-0.6644893225172409,-0.27883942859621574,-0.9433287511134567
OST3,DIE2,DIE2|OST3,0,-1.561445108814851,-0.7857110148384435,-0.3878670469882038,-1.1735780618266474,-1.7085515230577129,-0.28504498555892077,-0.711753268749396,-0.9967982543083168,-1.7351033972762517,-0.07788486890250389,-0.828609264186874,-0.9064941330893778,-1.0906733161718452,-0.4712797842917941,-0.3096967659400255,-0.7809765502318197,-1.0570201198640556,-0.5540441366245793,-0.25148799161973817,-0.8055321282443175
UFD2,UBC7,UBC7|UFD2,0,-0.27906772940981955,-0.7114477440260359,0.2161900073081082,-0.4952577367179277,-0.10507969167796084,-0.6553750526455697,0.27514768048380445,-0.3802273721617653,-0.36969129304180864,-0.8383272868341842,0.2343179968961878,-0.6040092899379964,-0.9580175392127713,-1.1247434151918956,0.08336293798956212,-1.0413804772023334,-1.0385150562011738,-1.159634301092744,0.060559622445785055,-1.099074678646959
HRD1,UBC7,HRD1|UBC7,0,-0.4644227494214327,-0.16084681090980657,-0.15178796925581306,-0.31263478016561963,-0.05871115337626184,-0.02029820027116848,-0.019206476552546682,-0.03950467682371516,-0.3175642570121618,-0.269686554208133,-0.023938851402014405,-0.2936254056101474,-0.813306976537872,-0.7332044120148781,-0.04005128226149696,-0.7732556942763751,-1.001393314271543,-0.7885349198189456,-0.10642919722629868,-0.8949641170452443
MNS1,ALG5,ALG5|MNS1,0,0.08257337971550614,-0.17511526191304205,0.1288443208142741,-0.046270941098767955,-0.5096682172860666,-0.8278505265087269,0.15909115461133017,-0.6687593718973968,-0.6203483844851129,-0.9733795168195764,0.17651556616723174,-0.7968639506523446,-0.1859318622726928,-1.1171368164656967,0.465602477096502,-0.6515343393691948,-0.10480516754351023,-1.0768943620501072,0.4860445972532985,-0.5908497647968087
CWH41,ALG5,ALG5|CWH41,0,-0.7218145421547429,-0.6030163455985743,-0.05939909827808432,-0.6624154438766586,-0.7981847894111511,-0.7361312474267528,-0.031026770992199137,-0.7671580184189519,-0.5871180762850335,-0.5544437497452026,-0.016337163269915467,-0.570780913015118,-0.6554557261992681,-0.6913821667490784,0.017963220274905156,-0.6734189464741732,-0.6728998736412624,-0.6910803665478357,0.009090246453286654,-0.6819901200945491
ROT2,ALG5,ALG5|ROT2,0,-0.1959713057710806,-0.8684049893495351,0.3362168417892273,-0.5321881475603079,-0.7603763487899009,-0.6330871143451267,-0.06364461722238712,-0.6967317315675138,-0.615637732594302,-0.4704876737144708,-0.07257502943991559,-0.5430627031543864,-0.33328600328241675,-0.5155449050523803,0.09112945088498176,-0.4244154541673985,-0.3542000897822923,-0.5434359121597369,0.09461791118872229,-0.44881800097101454
OST5,ALG5,ALG5|OST5,0,0.6753955176207437,-1.0018954529200625,0.8386454852704031,-0.16324996764965943,-1.0327934408267279,-0.951753651492029,-0.040519894667349454,-0.9922735461593784,-0.6084755978191,-0.9218245467656909,0.15667447447329547,-0.7651500722923954,-1.062305795793437,-1.3065119897186457,0.12210309696260435,-1.1844088927560414,-0.8474538634097616,-1.375191981209838,0.26386905890003826,-1.1113229223097998
ALG12,ALG5,ALG12|ALG5,0,-0.42366225639010485,-0.11480815660580757,-0.15442704989214864,-0.2692352064979562,-0.11002811456492842,-0.47320608665608754,0.18158898604557955,-0.291617100610508,0.20500965115869088,-0.19611107766888702,0.20056036441378894,0.0044492867449019285,0.45340166862156983,-0.1730999240321836,0.3132507963268767,0.1401508722946931,0.4550277417514816,-0.16506226638072835,0.31004500406610497,0.14498273768537662
ALG9,ALG5,ALG5|ALG9,0,-0.766277508250902,0.1692024566414976,-0.4677399824461998,-0.2985375258047022,-0.5684172005173863,0.4390886652275886,-0.5037529328724875,-0.06466426764489885,-0.5283641320019591,0.31786756710573144,-0.4231158495538453,-0.10524828244811382,-0.39900272633739853,0.10058492837685042,-0.24979382735712446,-0.14920889898027406,-0.4117423555451689,0.10408614802606685,-0.2579142517856179,-0.15382810375955103
ALG3,ALG5,ALG3|ALG5,0,-0.5514547908232238,0.28912712865630324,-0.4202909597397635,-0.13116383108346027,-1.4087873084254392,1.1241988853540457,-1.2664930968897425,-0.14229421153569677,-1.4914105283362442,1.3187243690290587,-1.4050674486826513,-0.08634307965359278,-1.5728846636228981,1.7494260286503664,-1.6611553461366322,0.08827068251373416,-1.6806602719877446,1.6855154843200482,-1.6830878781538963,0.0024276061661517856
OST3,ALG5,ALG5|OST3,0,-0.8442363800952073,-0.5595695332324963,-0.14233342343135552,-0.7019029566638517,-1.3995989436288658,-0.20406240679840223,-0.5977682684152318,-0.801830675213634,-1.0095579319647305,-0.055086783636754476,-0.47723557416398804,-0.5323223578007426,-0.8143196327165201,-0.16566971651811707,-0.3243249580992015,-0.4899946746173186,-0.7152731508070326,-0.3497581710931235,-0.18275748985695453,-0.5325156609500781
PMT2,PMT1,PMT1|PMT2,0,-0.8706851871578941,0.5887443569658747,-0.7297147720618844,-0.14097041509600972,-0.9136465869920517,-0.48287678967197983,-0.21538489866003593,-0.6982616883320157,-1.0212554563564364,-0.5358364978492022,-0.24270947925361713,-0.7785459771028194,-0.8688300543004948,-0.8459343283828196,-0.011447862958837596,-0.8573821913416572,-0.8747639037158254,-0.6640227912210621,-0.10537055624738162,-0.7693933474684438
TLG2,SEC22,SEC22|TLG2,0,-0.3087671689532689,-0.6565325251065233,0.1738826780766272,-0.4826498470298961,-0.7058659880658932,-0.8250623249931688,0.0595981684636378,-0.765464156529531,-1.6286720586844232,-1.3171833994244881,-0.15574432962996754,-1.4729277290544558,-0.7098263522594306,-1.0663055718358132,0.1782396097881913,-0.8880659620476219,-0.6415115822175946,-1.0338246334956056,0.19615652563900549,-0.8376681078566002
GOS1,SEC22,GOS1|SEC22,0,-1.0216349867993562,-0.5836139459344979,-0.21901052043242913,-0.8026244663669271,-1.0050237855171982,-0.6271522270302181,-0.18893577924349003,-0.8160880062737081,-1.3580915146317607,-1.1181566930713362,-0.11996741078021222,-1.2381241038515485,-1.6227976664643413,-0.9105164299362534,-0.356140618264044,-1.2666570482002975,-1.682947613045846,-0.8371439790014147,-0.4229018170222157,-1.2600457960236304
UFD2,HRD1,HRD1|UFD2,0,-0.613138381592609,-1.0108710280899225,0.19886632324865672,-0.8120047048412657,-0.6892396797752481,-0.8910382123048266,0.10089926626478923,-0.7901389460400374,-0.7264519502511937,-0.9821222991868503,0.12783517446782833,-0.854287124719022,-0.7964289265141625,-0.9552422613992544,0.07940666744254593,-0.8758355939567084,-0.8197166058755891,-0.9598301761444393,0.07005678513442509,-0.8897733910100143
UBC7,HRD1,HRD1|UBC7,0,-0.16084681090980657,-0.4644227494214327,0.15178796925581306,-0.31263478016561963,-0.02029820027116848,-0.05871115337626184,0.019206476552546682,-0.03950467682371516,-0.269686554208133,-0.3175642570121618,0.023938851402014405,-0.2936254056101474,-0.7332044120148781,-0.813306976537872,0.04005128226149696,-0.7732556942763751,-0.7885349198189456,-1.001393314271543,0.10642919722629868,-0.8949641170452443
MNS1,ALG8,ALG8|MNS1,0,-0.0014981734649955841,-0.10579574789575112,0.052148787215377766,-0.053646960680373355,-0.9086911710329445,-0.8185751575773307,-0.04505800672780691,-0.8636331643051376,-0.7323878657129412,-1.1390853648771917,0.20334874958212523,-0.9357366152950665,-0.2632440839739473,-1.0776918869126266,0.4072239014693397,-0.6704679854432869,-0.15337819727710494,-1.0870157908182885,0.4668187967705918,-0.6201969940476967
CWH41,ALG8,ALG8|CWH41,0,-0.873184853141398,-1.0369910351671048,0.08190309101285337,-0.9550879441542515,-0.9925845451756468,-1.0373922313156343,0.022403843069993767,-1.0149883882456405,-0.701976367426904,-0.8621697743306629,0.08009670345187947,-0.7820730708787834,-1.0403223468691893,-1.048793861976249,0.004235757553529784,-1.0445581044227192,-1.0687740930934688,-1.0620191227097404,-0.0033774851918642046,-1.0653966079016046
ROT2,ALG8,ALG8|ROT2,0,0.040237476167796306,-0.5276043073321826,0.2839208917499894,-0.2436834155821931,-0.8930472246552809,-0.8302522529254299,-0.03139748586492547,-0.8616497387903554,-0.930687823222897,-0.850407653692207,-0.040140084765344974,-0.890547738457552,-0.8634064675516152,-0.8726955259790831,0.004644529213733928,-0.8680509967653491,-0.8744184564573849,-0.9294649076212185,0.027523225581916777,-0.9019416820393017
OST5,ALG8,ALG8|OST5,0,0.4127050028103048,-1.1072931071190715,0.7599990549646881,-0.34729405215438336,-0.8429348685196338,-1.2092322515009135,0.18314869149063984,-1.0260835600102736,-0.7753227583164155,-1.2477372413702557,0.23620724152692008,-1.0115299998433356,-1.0652238833995873,-1.3826083526631436,0.15869223463177817,-1.2239161180313656,-0.9843684613857804,-1.4329484231768845,0.22428998089555208,-1.2086584422813325
ALG5,ALG8,ALG5|ALG8,0,-0.20339813695990855,-0.13135291954950812,-0.036022608705200215,-0.16737552825470833,-0.5393526578056278,0.41985203617832606,-0.4796023469919769,-0.05975031081365087,-0.5472666669902176,0.4850893476434613,-0.5161780073168395,-0.031088659673378177,-0.7374457211683513,-0.011541910043655481,-0.3629519055623479,-0.37449381560600337,-0.6774903523331044,0.00848021961684352,-0.34298528597497396,-0.33450506635813043
ALG12,ALG8,ALG12|ALG8,0,0.13257572797173242,-0.2503217909178242,0.1914487594447783,-0.058873031473045886,-0.1769440558114495,-0.2999396678836307,0.06149780603609059,-0.2384418618475401,-0.28627503277558514,-0.36169142127759935,0.037708194251007104,-0.3239832270265922,-0.08979574377030113,-0.44657094000376196,0.1783875981167304,-0.2681833418870315,0.01969599543731351,-0.4118838056458094,0.21578990054156144,-0.19609390510424796
ALG9,ALG8,ALG8|ALG9,0,-0.3245368455608416,0.09979488420527345,-0.21216586488305753,-0.11237098067778409,-0.6330699067046632,0.10144277158245057,-0.36725633914355693,-0.2658135675611063,-0.7846258805388024,-0.010480535065452441,-0.387072672736675,-0.39755320780212744,-0.503058221491015,-0.305637340225845,-0.098710440632585,-0.40434778085843,-0.39204989905764415,-0.2917374096483384,-0.05015624470465288,-0.34189365435299124
ALG6,ALG8,ALG6|ALG8,0,-0.7321217597972316,0.049850606216360324,-0.39098618300679594,-0.34113557679043566,-0.9825876436321994,-0.773770557845253,-0.10440854289347323,-0.8781791007387262,-0.6815850219341384,-0.44240987385671077,-0.11958757403871381,-0.5619974478954246,-0.534934298683373,-0.00353094018853855,-0.2657016792474173,-0.2692326194359558,-0.6002456827488475,-0.18815851936665867,-0.2060435816910944,-0.3942021010577531
ALG3,ALG8,ALG3|ALG8,0,-0.6810964264420261,-0.6420804606909113,-0.019507982875557384,-0.6615884435664687,-0.7464280687774902,0.1660263924089551,-0.4562272305932227,-0.29020083818426756,-0.9898685906031484,0.5265270787047247,-0.7581978346539365,-0.23167075594921183,-1.0940038017110534,0.3884151237935349,-0.7412094627522942,-0.3527943389587592,-1.1354346855395856,0.3708925343141785,-0.753163609926882,-0.38227107561270357
OST3,ALG8,ALG8|OST3,0,-0.22161058172400186,-0.8336099731758548,0.3059996957259265,-0.5276102774499284,-0.43614176300126506,-0.38358487433157007,-0.026278444334847495,-0.40986331866641756,-0.3720333542989333,-0.7846044155621563,0.2062855306316115,-0.5783188849305448,-0.6262145549818275,-0.37737589083394923,-0.12441933207393915,-0.5017952229078884,-0.44489165026319594,-0.5958440407329554,0.07547619523487972,-0.5203678454980757
MNS1,ALG12,ALG12|MNS1,0,0.0020387821114899243,-0.0992538742838314,0.050646328197660656,-0.04860754608617074,0.009441194001457381,-0.08130283053063647,0.045372012266046924,-0.03593081826458955,-0.7793911608285646,-1.0119131616021284,0.11626100038678189,-0.8956521612153465,-1.0213172512327442,-1.1159161394888928,0.0472994441280743,-1.0686166953608185,-0.9661245687425304,-1.1889810449940998,0.11142823812578473,-1.0775528068683151
CWH41,ALG12,ALG12|CWH41,0,-0.7963373047763851,-1.079014986073519,0.14133884064856694,-0.937676145424952,-0.9418014605044577,-0.9719639821192368,0.015081260807389585,-0.9568827213118473,-0.8841854698255434,-0.9161495214620028,0.015982025818229717,-0.9001674956437731,-1.0003218157641314,-0.8494209397222583,-0.07545043802093654,-0.9248713777431948,-1.034771911768246,-0.826621937341352,-0.10407498721344693,-0.9306969245547989
ROT2,ALG12,ALG12|ROT2,0,0.07753101140241542,-0.15639276739991603,0.11696188940116573,-0.03943087799875031,-0.7637533559847578,-1.566796827506584,0.4015217357609131,-1.165275091745671,-0.7914391346357735,-1.5536176378768234,0.3810892516205249,-1.1725283862562985,-0.3759968701758153,-1.297259218879358,0.4606311743517713,-0.8366280445275867,-0.39359587260046175,-1.3189160746046809,0.4626601010021095,-0.8562559736025713
OST5,ALG12,ALG12|OST5,0,0.2945731954071926,-0.9733731544021909,0.6339731749046917,-0.3393999794974991,0.2608079475046839,-0.992165255024301,0.6264866012644924,-0.36567865375980857,0.2714126071041901,-0.9583691610799783,0.6148908840920841,-0.3434782769878941,0.420554530170394,-0.21276687290476806,0.316660701537581,0.10389382863281298,0.11941331966028129,0.1585121289097548,-0.019549404624736755,0.13896272428501805
DIE2,ALG12,ALG12|DIE2,0,-0.8103743869479085,-1.0121262482540616,0.10087593065307654,-0.9112503176009851,-0.25814334337364037,-0.8492632605371248,0.2955599585817422,-0.5537033019553825,-0.16590917828570104,-0.8135568430800555,0.3238238323971772,-0.4897330106828783,-0.2763502969381136,-1.0093666788338267,0.3665081909478566,-0.6428584878859701,-0.37599748794319704,-0.9221966228197543,0.2730995674382787,-0.6490970553814757
ALG5,ALG12,ALG12|ALG5,0,-0.11480815660580757,-0.42366225639010485,0.15442704989214864,-0.2692352064979562,-0.47320608665608754,-0.11002811456492842,-0.18158898604557955,-0.291617100610508,-0.19611107766888702,0.20500965115869088,-0.20056036441378894,0.0044492867449019285,-0.1730999240321836,0.45340166862156983,-0.3132507963268767,0.1401508722946931,-0.16506226638072835,0.4550277417514816,-0.31004500406610497,0.14498273768537662
ALG8,ALG12,ALG12|ALG8,0,-0.2503217909178242,0.13257572797173242,-0.1914487594447783,-0.058873031473045886,-0.2999396678836307,-0.1769440558114495,-0.06149780603609059,-0.2384418618475401,-0.36169142127759935,-0.28627503277558514,-0.037708194251007104,-0.3239832270265922,-0.44657094000376196,-0.08979574377030113,-0.1783875981167304,-0.2681833418870315,-0.4118838056458094,0.01969599543731351,-0.21578990054156144,-0.19609390510424796
ALG9,ALG12,ALG12|ALG9,0,0.524970231117767,0.5742878080971878,-0.024658788489710426,0.5496290196074773,-0.0027782697608049584,0.019883950132123386,-0.011331109946464172,0.008552840185659214,0.2906260883265898,0.5407147075979472,-0.12504430963567867,0.41567039796226846,0.2301871494891241,0.39067721862253596,-0.08024503456670593,0.31043218405583006,0.273093707895665,0.3696716975849462,-0.04828899484464061,0.3213827027403056
ALG6,ALG12,ALG12|ALG6,0,-0.1954432926354732,-0.21237076392416934,0.008463735644348075,-0.20390702827982127,-0.0027950450477042966,-0.9372742776726479,0.4672396163124718,-0.47003466136017613,0.08136967825164937,-0.8458704721793275,0.4636200752154884,-0.3822503969638391,-0.0015807003121748367,-0.7019809829026593,0.35020014129524224,-0.35178084160741707,0.05654046476357014,-0.6178043580768104,0.3371724114201903,-0.28063194665662017
ALG3,ALG12,ALG12|ALG3,0,-0.634140389570853,0.4397015785203548,-0.5369209840456038,-0.09721940552524908,-0.7281768999478284,1.1623451507880451,-0.9452610253679368,0.21708412542010835,-1.0770790951424065,1.4578722963671598,-1.2674756957547832,0.19039660061237662,-1.3305381030568806,1.4850597205829135,-1.407798911819897,0.07726080876301644,-1.3931746644163494,1.526677258696686,-1.4599259615565177,0.06675129714016825
OST3,ALG12,ALG12|OST3,0,-0.15340327007825988,-0.5624764516790751,0.20453659080040762,-0.35793986087866747,-0.9250714888927152,-0.24693395104776525,-0.33906876892247495,-0.5860027199702402,-0.5182617109764346,-0.11567849630133632,-0.20129160733754914,-0.31697010363888545,-0.6723073846694687,-0.2771763590812744,-0.19756551279409715,-0.47474187187537153,-0.4607672918080571,-0.4773827953468256,0.008307751769384253,-0.46907504357744134
MNS1,ALG9,ALG9|MNS1,0,-0.823956068202435,-1.007847559832294,0.09194574581492948,-0.9159018140173645,-1.4987851194142705,-1.4088758714664706,-0.04495462397389993,-1.4538304954403705,-1.303723752577444,-1.6103403950778876,0.15330832125022176,-1.4570320738276659,-0.9323731782388363,-1.202636293097912,0.13513155742953786,-1.0675047356683742,-0.888676361302979,-1.3159405986207235,0.21363211865887227,-1.1023084799618512
CWH41,ALG9,ALG9|CWH41,0,-0.7045328781545968,-0.36019139698228847,-0.17217074058615414,-0.5323621375684426,-0.8676022058143381,-0.5374623204185697,-0.16506994269788422,-0.7025322631164539,-1.0316112075949946,-0.7129625569360667,-0.15932432532946394,-0.8722868822655306,-1.2460692761101415,-1.076366053099681,-0.08485161150523024,-1.1612176646049113,-1.2429256706181617,-1.052527960277096,-0.09519885517053284,-1.147726815447629
ROT2,ALG9,ALG9|ROT2,0,-0.4348814167096973,-0.8543555706107071,0.2097370769505049,-0.6446184936602022,-0.407116268634745,-0.842784594280933,0.217834162823094,-0.624950431457839,-0.487532020234758,-0.9027726625075556,0.2076203211363988,-0.6951523413711568,-0.5638729412884821,-1.1536057030734264,0.29486638089247214,-0.8587393221809543,-0.5935521735037864,-1.1701644305159562,0.2883061285060849,-0.8818583020098714
OST5,ALG9,ALG9|OST5,0,0.3355028226119012,-1.3516818924168645,0.8435923575143829,-0.5080895349024817,0.2546184015509429,-1.3440351507302775,0.7993267761406102,-0.5447083745896673,0.26175142447674826,-1.290659877803127,0.7762056511399377,-0.5144542266631894,-0.9195576948106656,0.5921271265162424,-0.755842410663454,-0.1637152841472116,-0.8603180392327797,0.45542428365644355,-0.6578711614446117,-0.20244687778816808
ALG5,ALG9,ALG5|ALG9,0,0.1692024566414976,-0.766277508250902,0.4677399824461998,-0.2985375258047022,0.4390886652275886,-0.5684172005173863,0.5037529328724875,-0.06466426764489885,0.31786756710573144,-0.5283641320019591,0.4231158495538453,-0.10524828244811382,0.10058492837685042,-0.39900272633739853,0.24979382735712446,-0.14920889898027406,0.10408614802606685,-0.4117423555451689,0.2579142517856179,-0.15382810375955103
ALG3,ALG9,ALG3|ALG9,0,-0.11504953851938182,0.08087762055680456,-0.09796357953809319,-0.017085958981288632,-0.8769615519398573,1.390802902092167,-1.133882227016012,0.2569206750761549,-1.3802106096807152,1.2882748974187386,-1.3342427535497268,-0.045967856130988305,-1.1399686532760867,0.8974364431139208,-1.0187025481950038,-0.12126610508108293,-1.15905107080457,0.9075236884355196,-1.0332873796200448,-0.12576369118452524
OST3,ALG9,ALG9|OST3,0,-0.1661653678361894,-0.524500539547104,0.17916758585545728,-0.3453329536916467,-0.7170744677436679,-0.4239843247357642,-0.14654507150395185,-0.570529396239716,-0.3747774156410137,-0.4920987875829428,0.05866068597096455,-0.43343810161197827,-0.9021983395974058,-0.16116060578733185,-0.370518866905037,-0.5316794726923688,-0.8017390191773526,-0.28182006211034166,-0.25995947853350543,-0.5417795406438471
MNS1,ALG6,ALG6|MNS1,0,0.010594544970696082,-0.14537752699703535,0.07798603598386572,-0.06739149101316963,-0.6454149168805984,-0.894359538109391,0.12447231061439629,-0.7698872274949946,-0.2802250102745513,-1.3903140096774587,0.5550444997014536,-0.835269509976005,0.0594606476005517,-1.0852365528952495,0.5723486002479006,-0.5128879526473489,0.16618482440946433,-1.1262897969678387,0.6462373106886515,-0.4800524862791872
CWH41,ALG6,ALG6|CWH41,0,-0.4096318482551246,-0.8545042375717464,0.2224361946583109,-0.6320680429134355,-0.8717332338334272,-0.8324664859069056,-0.01963337396326076,-0.8520998598701663,-0.8493748085591426,-0.8189829915456819,-0.01519590850673036,-0.8341789000524122,-0.9731953569278319,-0.9926320281113419,0.009718335591755,-0.9829136925195869,-0.9960488136691862,-1.0089601856977475,0.006455686014280648,-1.0025044996834669
ROT2,ALG6,ALG6|ROT2,0,-0.4750969301940691,-0.8915612889404715,0.20823217937320118,-0.6833291095672703,-1.2143537539174025,-0.8041695564345902,-0.20509209874140616,-1.0092616551759963,-1.1789696823670484,-0.8321569496529109,-0.17340636635706874,-1.0055633160099795,-0.9399051306328023,-0.9883352023441706,0.02421503585568413,-0.9641201664884864,-0.899664667842949,-1.0194402017342559,0.05988776694565345,-0.9595524347886024
OST5,ALG6,ALG6|OST5,0,-0.02101293643827166,-1.1976287719087177,0.5883079177352231,-0.6093208541734947,-0.7139444989412617,-1.128397931782813,0.20722671642077567,-0.9211712153620373,-0.7128482418890583,-1.1925248453423345,0.23983830172663811,-0.9526865436156964,-0.7090546945903162,-1.4388524401914609,0.3648988728005723,-1.0739535673908884,-0.673058391892185,-1.5507356671255617,0.43883863761668834,-1.1118970295088733
ALG5,ALG6,ALG5|ALG6,0,-0.4690357736647122,-1.0849161204009747,0.3079401733681313,-0.7769759470328435,-1.2865480804884561,-0.8638614566711517,-0.21134331190865224,-1.0752047685798038,-1.1636216372049473,-0.5019489062539453,-0.330836365475501,-0.8327852717294463,-0.8792452899179122,-0.33423812066735814,-0.272503584625277,-0.6067417052926352,-0.6938945643927165,-0.3398103392720965,-0.17704211256031,-0.5168524518324065
ALG12,ALG6,ALG12|ALG6,0,-0.21237076392416934,-0.1954432926354732,-0.008463735644348075,-0.20390702827982127,-0.9372742776726479,-0.0027950450477042966,-0.4672396163124718,-0.47003466136017613,-0.8458704721793275,0.08136967825164937,-0.4636200752154884,-0.3822503969638391,-0.7019809829026593,-0.0015807003121748367,-0.35020014129524224,-0.35178084160741707,-0.6178043580768104,0.05654046476357014,-0.3371724114201903,-0.28063194665662017
ALG9,ALG6,ALG6|ALG9,0,-0.4165786346768837,-0.19153045990998863,-0.11252408738344755,-0.3040545472934362,-1.1920052509875854,-0.007314813700514847,-0.5923452186435353,-0.5996600323440501,-1.1439721772006213,0.030757201958401606,-0.5873646895795115,-0.5566074876211098,-0.7531763201319288,-0.3755776473144348,-0.188799336408747,-0.5643769837231818,-0.6872807653966309,-0.32175640752903667,-0.1827621789337971,-0.5045185864628338
ALG3,ALG6,ALG3|ALG6,0,-1.711396626271691,0.32237478665921165,-1.0168857064654513,-0.6945109198062397,-1.8815058274446534,0.7822071697262735,-1.3318564985854635,-0.5496493288591899,-2.1186510457135608,0.9066542741165738,-1.5126526599150674,-0.6059983857984934,-1.6307613592181303,0.9070157317818065,-1.2688885454999683,-0.3618728137181619,-1.595092941985263,0.7765770314153503,-1.1858349867003066,-0.4092579552849564
OST3,ALG6,ALG6|OST3,0,-0.3060688869462319,-0.4183774668967116,0.05615428997523986,-0.36222317692147177,-1.026126116435709,-0.7356020141543694,-0.14526205114066976,-0.8808640652950392,-0.6273720234976825,-0.7272236302945828,0.04992580339845015,-0.6772978268961327,-0.9755173300855982,-0.45112705428107763,-0.26219513790226023,-0.7133221921833379,-0.7873293553122669,-0.5652596563333188,-0.11103484948947406,-0.6762945058227928
MNS1,ALG3,ALG3|MNS1,0,0.046218634177366304,-0.12499134763940402,0.08560499090838516,-0.039386356731018854,-1.9327659629548615,-1.6207044196862235,-0.156030771634319,-1.7767351913205425,-1.8446538848313363,-1.3935923306185067,-0.22553077710641478,-1.6191231077249215,-0.7730090456527585,-1.6002118486647214,0.41360140150598146,-1.18661044715874,-0.8147130966616238,-1.532636042213934,0.3589614727761551,-1.1736745694377788
CWH41,ALG3,ALG3|CWH41,0,-1.8887550313012709,-0.9801241315027008,-0.454315449899285,-1.434439581401986,-1.3301079336530464,-1.1053879418648878,-0.1123599958940793,-1.217747937758967,-1.3243248300902337,-1.0757050634349405,-0.12430988332764659,-1.2000149467625871,-1.0595540610993577,-1.2477699880340987,0.09410796346737049,-1.1536620245667282,-1.1437331702054627,-1.1492944037529813,0.0027806167737592924,-1.146513786979222
ROT2,ALG3,ALG3|ROT2,0,-1.6395079630277607,-0.9578788208927584,-0.3408145710675011,-1.2986933919602595,-0.5426413604420166,-0.8446186544705222,0.1509886470142528,-0.6936300074562693,-0.3955983350779964,-0.7823074887610875,0.19335457684154553,-0.5889529119195419,-0.26387776478662156,-0.9807747126504098,0.35844847393189416,-0.6223262387185157,-0.3290798100640439,-0.9362524651193399,0.303586327527648,-0.6326661375916919
OST5,ALG3,ALG3|OST5,0,0.4235243531132132,-0.5467839252882066,0.48515413920070993,-0.061629786087496724,-2.179216996810224,-0.18762612039467863,-0.9957954382077727,-1.1834215586024512,-1.5422506772144047,-0.10525356673925643,-0.7184985552375741,-0.8237521219768306,-1.2509811306314649,-1.3853563012981025,0.06718758533331881,-1.3181687159647837,-1.4972574987286,-1.337642942773666,-0.079807277977467,-1.417450220751133
DIE2,ALG3,ALG3|DIE2,0,-2.0640443055858593,-0.29311302368137554,-0.8854656409522419,-1.1785786646336174,-1.7670351340528703,-0.31519405185389054,-0.7259205410994899,-1.0411145929533805,-1.584227158602911,-0.4215819853802989,-0.5813225866113061,-1.002904571991605,0.0009300989776274143,-1.5240374524121143,0.7624837756948709,-0.7615536767172434,-0.6644893225172409,-1.2221681797096724,0.27883942859621574,-0.9433287511134567
ALG5,ALG3,ALG3|ALG5,0,0.28912712865630324,-0.5514547908232238,0.4202909597397635,-0.13116383108346027,1.1241988853540457,-1.4087873084254392,1.2664930968897425,-0.14229421153569677,1.3187243690290587,-1.4914105283362442,1.4050674486826513,-0.08634307965359278,1.7494260286503664,-1.5728846636228981,1.6611553461366322,0.08827068251373416,1.6855154843200482,-1.6806602719877446,1.6830878781538963,0.0024276061661517856
ALG8,ALG3,ALG3|ALG8,0,-0.6420804606909113,-0.6810964264420261,0.019507982875557384,-0.6615884435664687,0.1660263924089551,-0.7464280687774902,0.4562272305932227,-0.29020083818426756,0.5265270787047247,-0.9898685906031484,0.7581978346539365,-0.23167075594921183,0.3884151237935349,-1.0940038017110534,0.7412094627522942,-0.3527943389587592,0.3708925343141785,-1.1354346855395856,0.753163609926882,-0.38227107561270357
ALG6,ALG3,ALG3|ALG6,0,0.32237478665921165,-1.711396626271691,1.0168857064654513,-0.6945109198062397,0.7822071697262735,-1.8815058274446534,1.3318564985854635,-0.5496493288591899,0.9066542741165738,-2.1186510457135608,1.5126526599150674,-0.6059983857984934,0.9070157317818065,-1.6307613592181303,1.2688885454999683,-0.3618728137181619,0.7765770314153503,-1.595092941985263,1.1858349867003066,-0.4092579552849564
OST3,ALG3,ALG3|OST3,0,1.0811225687763941,-2.65082526794356,1.865973918359977,-0.7848513495835829,0.7405977716178122,-2.3136430168011506,1.5271203942094813,-0.7865226225916693,0.9759870629052205,-2.4159837011581167,1.6959853820316686,-0.7199983191264481,-0.5643625607064185,-0.7865744556282706,0.111105947460926,-0.6754685081673446,0.16301809637364723,-1.8825424214097,1.0227802588916737,-0.8597621625180264
PMT1,PMT2,PMT1|PMT2,0,0.588744356965896,-0.8706851871579033,0.7297147720618997,-0.14097041509600367,-0.48287678967197983,-0.9136465869920433,0.21538489866003172,-0.6982616883320115,-0.535836497849259,-1.0212554563564518,0.24270947925359637,-0.7785459771028553,-0.8459343283828427,-0.8688300543004923,0.011447862958824828,-0.8573821913416675,-0.6640227912210337,-0.8747639037158265,0.10537055624739639,-0.76939334746843
MNS1,OST3,MNS1|OST3,0,-0.041462395467894486,-0.04044637382953476,-0.0005080108191798625,-0.04095438464871462,-0.25093511565003634,-1.2111246916237899,0.48009478798687677,-0.7310299036369131,-0.24723931885434702,-0.9759878141729836,0.3643742476593183,-0.6116135665136653,-0.14209938040624182,-1.055167560074342,0.4565340898340501,-0.5986334702402919,-0.09982085266381041,-1.170963358278706,0.5355712528074478,-0.6353921054712582
CWH41,OST3,CWH41|OST3,0,-1.0586466146655276,-0.4812475861259995,-0.28869951426976403,-0.7699471003957635,-1.1735221304739318,-0.6583843013911573,-0.25756891454138725,-0.9159532159325445,-1.1175885085024668,-0.48645615168088757,-0.3155661784107896,-0.8020223300916772,-1.4098763656022186,-0.9087948709481941,-0.25054074732701226,-1.1593356182752064,-1.3208106499810073,-0.9452015413628654,-0.18780455430907095,-1.1330060956719363
ROT2,OST3,OST3|ROT2,0,-0.6931507205604461,-0.5102232252420397,-0.09146374765920323,-0.6016869729012428,-1.2044021895592323,-0.751121996593175,-0.22664009648302863,-0.9777620930762037,-1.1851112889693194,-0.5005925322891553,-0.342259378340082,-0.8428519106292374,-1.349815183758169,-0.9184993262388165,-0.2156579287596762,-1.1341572549984926,-1.3379562531755387,-0.9107775727376101,-0.2135893402189643,-1.1243669129565743
DIE2,OST3,DIE2|OST3,0,-0.7857110148384435,-1.561445108814851,0.3878670469882038,-1.1735780618266474,-0.28504498555892077,-1.7085515230577129,0.711753268749396,-0.9967982543083168,-0.07788486890250389,-1.7351033972762517,0.828609264186874,-0.9064941330893778,-0.4712797842917941,-1.0906733161718452,0.3096967659400255,-0.7809765502318197,-0.5540441366245793,-1.0570201198640556,0.25148799161973817,-0.8055321282443175
ALG5,OST3,ALG5|OST3,0,-0.5595695332324963,-0.8442363800952073,0.14233342343135552,-0.7019029566638517,-0.20406240679840223,-1.3995989436288658,0.5977682684152318,-0.801830675213634,-0.055086783636754476,-1.0095579319647305,0.47723557416398804,-0.5323223578007426,-0.16566971651811707,-0.8143196327165201,0.3243249580992015,-0.4899946746173186,-0.3497581710931235,-0.7152731508070326,0.18275748985695453,-0.5325156609500781
ALG8,OST3,ALG8|OST3,0,-0.8336099731758548,-0.22161058172400186,-0.3059996957259265,-0.5276102774499284,-0.38358487433157007,-0.43614176300126506,0.026278444334847495,-0.40986331866641756,-0.7846044155621563,-0.3720333542989333,-0.2062855306316115,-0.5783188849305448,-0.37737589083394923,-0.6262145549818275,0.12441933207393915,-0.5017952229078884,-0.5958440407329554,-0.44489165026319594,-0.07547619523487972,-0.5203678454980757
ALG12,OST3,ALG12|OST3,0,-0.5624764516790751,-0.15340327007825988,-0.20453659080040762,-0.35793986087866747,-0.24693395104776525,-0.9250714888927152,0.33906876892247495,-0.5860027199702402,-0.11567849630133632,-0.5182617109764346,0.20129160733754914,-0.31697010363888545,-0.2771763590812744,-0.6723073846694687,0.19756551279409715,-0.47474187187537153,-0.4773827953468256,-0.4607672918080571,-0.008307751769384253,-0.46907504357744134
ALG9,OST3,ALG9|OST3,0,-0.524500539547104,-0.1661653678361894,-0.17916758585545728,-0.3453329536916467,-0.4239843247357642,-0.7170744677436679,0.14654507150395185,-0.570529396239716,-0.4920987875829428,-0.3747774156410137,-0.05866068597096455,-0.43343810161197827,-0.16116060578733185,-0.9021983395974058,0.370518866905037,-0.5316794726923688,-0.28182006211034166,-0.8017390191773526,0.25995947853350543,-0.5417795406438471
ALG6,OST3,ALG6|OST3,0,-0.4183774668967116,-0.3060688869462319,-0.05615428997523986,-0.36222317692147177,-0.7356020141543694,-1.026126116435709,0.14526205114066976,-0.8808640652950392,-0.7272236302945828,-0.6273720234976825,-0.04992580339845015,-0.6772978268961327,-0.45112705428107763,-0.9755173300855982,0.26219513790226023,-0.7133221921833379,-0.5652596563333188,-0.7873293553122669,0.11103484948947406,-0.6762945058227928
ALG3,OST3,ALG3|OST3,0,-2.65082526794356,1.0811225687763941,-1.865973918359977,-0.7848513495835829,-2.3136430168011506,0.7405977716178122,-1.5271203942094813,-0.7865226225916693,-2.4159837011581167,0.9759870629052205,-1.6959853820316686,-0.7199983191264481,-0.7865744556282706,-0.5643625607064185,-0.111105947460926,-0.6754685081673446,-1.8825424214097,0.16301809637364723,-1.0227802588916737,-0.8597621625180264
MNN2,ANP1,ANP1|MNN2,0,0.5136003196403248,0.4945979788620548,0.009501170389135005,0.5040991492511898,0.1922076269520572,0.21580379818744086,-0.011798085617691828,0.20400571256974903,-0.021070212149552382,0.013748821864672144,-0.01740951700711226,-0.003660695142440119,-0.0561287975082154,-0.02470837823282654,-0.01571020963769443,-0.04041858787052097,-0.08819749624258451,-0.059473773136489265,-0.014361861553047622,-0.07383563468953688
