a,b,pair,label,S_F,S_reverse,S_d,SM_F,SM_reverse,SM_d,SH_F,SH_reverse,SH_d,SMH_F,SMH_reverse,SMH_d,SMHB_F,SMHB_reverse,SMHB_d,FULL_F,FULL_reverse,FULL_d,SHVB_F,SHVB_reverse,SHVB_d,SMHV_F,SMHV_reverse,SMHV_d
MNS1,CWH41,CWH41|MNS1,1.0,0.0422317647284574,-0.0775848945234798,0.0599083296259686,-0.5534949028298529,-1.571139860212121,0.508822478691134,0.0423936528034969,-0.0770857254366771,0.059739689120087,-0.4579242268707015,-1.531889431224095,0.5369826021766967,-0.4466314856516064,-1.331626868309266,0.4424976913288297,-0.3863365238848799,-1.2316469104390977,0.4226551932771089,-0.4256580236788926,-1.169068014521774,0.3717049954214406,-0.3373393635762404,-1.180306930119705,0.4214837832717322
ROT2,CWH41,CWH41|ROT2,1.0,-0.247381392872288,-0.3157724932455173,0.0341955501866146,-0.0817920769432704,-0.2994556758597256,0.1088317994582276,-0.2729432167962715,-0.355972175562417,0.0415144793830727,-0.0976188093658371,-0.3213044407355593,0.1118428156848611,0.2825801485822838,-0.1673560893006898,0.2249681189414868,-0.0784942343903922,-0.1539645732653567,0.0377351694374822,-0.1402534115419083,-0.1015633846172036,-0.0193450134623523,-0.145477685079487,-0.1226687052464058,-0.0114044899165406
MNS1,MNN2,MNN2|MNS1,1.0,-0.2949652779197638,-0.661760804995561,0.1833977635378985,-0.0697227072957368,-1.99361813962706,0.9619477161656612,-0.2644752119704688,-0.6900355274913934,0.2127801577604622,0.0215950864117801,-1.995938895504344,1.008766990958062,-0.1787542411339173,-1.2713033016895203,0.5462745302778015,-0.3450676701088302,-1.2917715494048516,0.4733519396480107,-0.287823172707646,-1.236016781629586,0.4740968044609699,-0.4159486277349519,-1.27307117179798,0.428561272031514
ANP1,MNN2,ANP1|MNN2,1.0,0.188419223223217,0.2059616647397244,-0.0087712207582537,-0.2972609834408707,-0.308710041855571,0.0057245292073501,0.494597978862053,0.5136003196403244,-0.0095011703891356,0.2158037981874266,0.1922076269520572,0.0117980856176847,0.0137488218646721,-0.0210702121495523,0.0174095170071122,-0.0247083782328265,-0.0561287975082154,0.0157102096376944,-0.0594737731364892,-0.0881974962425845,0.0143618615530476,-0.1061631032074156,-0.1320151187258153,0.0129260077591998
MNS1,ROT2,MNS1|ROT2,1.0,0.0201137694336283,-0.0822439484207782,0.0511788589272033,-0.6076113500748865,-1.6738557440438349,0.5331221969844742,0.0203301165834276,-0.0820076923092627,0.0511689044463451,-0.5141861357098608,-1.655713222438799,0.5707635433644691,-0.5289051877130522,-1.2710675488351206,0.3710811805610342,-0.4471440013316026,-1.4267777943064082,0.4898168964874028,-0.3971741480475126,-1.4492289272719323,0.5260273896122099,-0.3619294191475928,-1.508846584132026,0.5734585824922166
STP22,VPS28,STP22|VPS28,1.0,-0.0457922111043311,-0.9583092444477398,0.4562585166717043,0.0354540089714521,-0.9254212643371872,0.4804376366543197,-0.0835096684791533,-0.9712627117233864,0.4438765216221165,0.0041214925860351,-0.9497272353840356,0.4769243639850353,0.3361656421038859,-0.715011883869816,0.525588762986851,0.1258069590422915,-0.9511719110680548,0.5384894350551731,0.1739405452697018,-0.9534640296421972,0.5637022874559495,0.1430526829688957,-0.9300897414452732,0.5365712122070845
HMG1,BTS1,BTS1|HMG1,1.0,0.4965517802718783,-1.583434365865444,1.039993073068661,-0.2699558428641459,-0.5538390618554389,0.1419416094956464,0.5846625057545811,-1.5320858845368122,1.0583741951456966,0.0170990511928517,-0.738726100769255,0.3779125759810534,-0.2911265853003934,-1.4627614990862607,0.5858174568929336,-0.1790196787732426,-1.1067053696873896,0.4638428454570735,-0.1784283539185015,-1.0911292563210186,0.4563504512012585,-0.1762120422096352,-0.726609417331551,0.2751986875609579
DIE2,ALG5,ALG5|DIE2,1.0,0.0274283082022927,-0.3729895280631172,0.2002089181327049,-0.0470526179591416,-0.8695761872399999,0.4112617846404291,0.027206942436577,-0.4090861822886806,0.2181465623626288,-0.0548069859632324,-0.9135487729446256,0.4293708934906965,-0.5922360504380156,-0.8973503391277766,0.1525571443448805,0.3657221111006198,-0.8142271061540927,0.5899746086273563,0.3042815844215543,-0.7126889110252145,0.5084852477233844,0.5890839619493168,-0.6962464924958849,0.6426652272226008
ALG8,ALG5,ALG5|ALG8,1.0,-0.1322846916168913,-0.1809324887089625,0.0243238985460356,0.4071238072622483,-0.565735753825543,0.4864297805438956,-0.1313529195495081,-0.2033981369599085,0.0360226087052002,0.419852036178326,-0.5393526578056278,0.4796023469919769,0.4850893476434613,-0.5472666669902176,0.5161780073168395,-0.0115419100436554,-0.7374457211683513,0.3629519055623479,0.0084802196168435,-0.6774903523331044,0.3429852859749739,0.0118196396223227,-0.688016901432274,0.3499182705272983
ALG6,ALG5,ALG5|ALG6,1.0,-1.1012309862875052,-0.457359548151165,-0.3219357190681701,-0.8745513986909514,-1.3477999619089946,0.2366242816090216,-1.0849161204009747,-0.4690357736647122,-0.3079401733681313,-0.8638614566711517,-1.286548080488456,0.2113433119086522,-0.5019489062539453,-1.1636216372049473,0.330836365475501,-0.3342381206673581,-0.8792452899179122,0.272503584625277,-0.3398103392720965,-0.6938945643927165,0.17704211256031,-0.525691803688684,-0.9334486121950416,0.2038784042531788
DIE2,ALG8,ALG8|DIE2,1.0,-0.4082629550270188,-0.638639465026733,0.115188254999857,-0.1880452733594755,-0.9141836989741106,0.3630692128073175,-0.4380283355707647,-0.668986423527469,0.1154790439783521,-0.1853923961313894,-0.9186368716945956,0.3666222377816032,-0.5249819920027,-0.9341213900734971,0.2045696990353985,0.8120753048338332,-0.9133587257566486,0.8627170152952408,0.7746281133977904,-0.8478305225103552,0.8112293179540728,0.9288356449208716,-0.9715011525271354,0.9501683987240036
DIE2,ALG9,ALG9|DIE2,1.0,-0.5069250370482467,-0.7662635835714959,0.1296692732616246,0.0750181593086079,-1.015248225598608,0.5451331924536079,-0.5340421236684751,-0.8060253582232074,0.1359916172773661,0.0695965296348483,-1.0214670039647111,0.5455317667997798,-0.1648496238780853,-1.0760783611274114,0.455614368624663,0.0016311187703679,-0.6741657877259241,0.337898453248146,-0.1305109973428535,-0.6720051535653012,0.2707470781112238,0.6653517532330683,-0.7739173144651723,0.7196345338491204
ALG8,ALG9,ALG8|ALG9,1.0,0.0932681574888497,-0.1754603081813876,0.1343642328351186,0.1002452922051584,-0.6080933891264814,0.3541693406658199,0.0997948842052734,-0.3245368455608416,0.2121658648830575,0.1014427715824505,-0.6330699067046632,0.3672563391435569,-0.0104805350654524,-0.7846258805388024,0.387072672736675,-0.305637340225845,-0.503058221491015,0.098710440632585,-0.2917374096483384,-0.3920498990576441,0.0501562447046528,-0.2856763408059269,-0.4041996316814764,0.0592616454377747
ALG12,ALG9,ALG12|ALG9,1.0,0.0323005043798285,0.0098707811447169,0.0112148616175557,0.0255011308587903,0.0031783548977307,0.0111613879805297,0.5742878080971878,0.524970231117767,0.0246587884897104,0.0198839501321233,-0.0027782697608049,0.0113311099464641,0.5407147075979472,0.2906260883265898,0.1250443096356786,0.3906772186225359,0.2301871494891241,0.0802450345667059,0.3696716975849462,0.273093707895665,0.0482889948446406,0.5026561664779559,0.3587225332843942,0.0719668165967808
ALG6,ALG9,ALG6|ALG9,1.0,-0.1983863377026824,-0.3995102110967761,0.1005619366970468,-0.0189950480488641,-1.250757793748138,0.615881372849637,-0.1915304599099886,-0.4165786346768837,0.1125240873834475,-0.0073148137005148,-1.1920052509875854,0.5923452186435353,0.0307572019584016,-1.1439721772006213,0.5873646895795115,-0.3755776473144348,-0.7531763201319288,0.188799336408747,-0.3217564075290366,-0.6872807653966309,0.1827621789337971,-0.3624835515867429,-0.727662336530244,0.1825893924717505
DIE2,ALG6,ALG6|DIE2,1.0,0.2135212433241684,-0.9439812411790404,0.5787512422516043,-0.0406199927259237,-1.221694150075538,0.5905370786748072,-0.6735058866111875,-0.9433462762167024,0.1349201948027574,-0.399721896496454,-1.067257120146368,0.3337676118249569,-0.462946156888484,-0.7199827326671433,0.1285182878893296,0.3269239157889174,-0.9041054024298596,0.6155146591093885,0.3006188313897291,-0.8251720841348898,0.5628954577623095,0.551140594961151,-0.8553326582746388,0.7032366266178949
ALG8,ALG6,ALG6|ALG8,1.0,0.2159146025431907,-0.5659544660368799,0.3909345342900353,-0.5924974825807678,-0.8678797051246534,0.1376911112719427,0.0498506062163603,-0.7321217597972316,0.3909861830067959,-0.773770557845253,-0.9825876436321994,0.1044085428934732,-0.4424098738567107,-0.6815850219341384,0.1195875740387138,-0.0035309401885385,-0.534934298683373,0.2657016792474173,-0.1881585193666586,-0.6002456827488475,0.2060435816910944,-0.0399115204428597,-0.589404559455814,0.2747465195064771
ALG12,ALG3,ALG12|ALG3,1.0,0.4023158107547663,-0.7218079113295011,0.5620618610421337,1.1554670075869204,-0.7608257169075527,0.9581463622472366,0.4397015785203548,-0.634140389570853,0.5369209840456038,1.1623451507880451,-0.7281768999478284,0.9452610253679368,1.4578722963671598,-1.0770790951424063,1.2674756957547832,1.4850597205829137,-1.3305381030568806,1.407798911819897,1.526677258696686,-1.3931746644163494,1.4599259615565177,1.2254164271022243,-1.1429471062401182,1.1841817666711714
ALG9,ALG3,ALG3|ALG9,1.0,0.0846851417264258,-0.1089010895012074,0.0967931156138166,1.4930076196057034,-0.7836828248170968,1.1383452222114,0.0808776205568045,-0.1150495385193818,0.0979635795380931,1.390802902092167,-0.8769615519398573,1.133882227016012,1.2882748974187386,-1.3802106096807152,1.3342427535497268,0.8974364431139208,-1.1399686532760869,1.0187025481950038,0.9075236884354628,-1.15905107080457,1.0332873796200164,1.1438607027052037,-0.9858192976536788,1.0648400001794411
OST5,OST3,OST3|OST5,1.0,-0.4342750476162426,-0.6996365861696334,0.1326807692766954,-0.2556543642354105,-1.288277361973263,0.5163114988689262,-0.4404919668499714,-0.694580127162218,0.1270440801561232,-0.2917809999925465,-1.2949898688651833,0.5016044344363184,-0.2189901956435276,-1.1281744950582515,0.454592149707362,0.0632277256369953,-1.0937954095970792,0.5785115676170373,-0.1218398746455145,-1.000318067659022,0.4392390965067537,0.092724762198807,-1.0950688495228649,0.5938968058608359
MNS1,ANP1,ANP1|MNS1,1.0,-0.4879088697554453,-0.0618021302864733,-0.213053369734486,-0.5926111588790641,-1.4178250469747065,0.4126069440478211,-0.379927818303453,-0.1550848264413177,-0.1124214959310676,-0.1419527083942289,-1.2673267236053536,0.5626870076055623,-0.3635193505123513,-0.7908055686885042,0.2136431090880764,-0.2937116931546462,-0.8827471888103892,0.2945177478278715,-0.223595933158032,-0.938744723812216,0.357574395327092,-0.6944073813551697,-1.090469354958474,0.1980309868016521
CWH41,MNS1,CWH41|MNS1,0.0,-0.0775848945234797,0.0422317647284576,-0.0599083296259686,-1.571139860212138,-0.5534949028298529,-0.5088224786911426,-0.0770857254366771,0.042393652803497,-0.059739689120087,-1.5318894312241331,-0.4579242268707471,-0.5369826021766931,-1.331626868309212,-0.4466314856516129,-0.4424976913287995,-1.2316469104390937,-0.3863365238848988,-0.4226551932770973,-1.1690680145217456,-0.4256580236788831,-0.3717049954214312,-1.1803069301197078,-0.3373393635762576,-0.4214837832717251
MNN2,MNS1,MNN2|MNS1,0.0,-0.661760804995561,-0.2949652779197638,-0.1833977635378985,-1.99361813962706,-0.0697227072957368,-0.9619477161656612,-0.6900355274913934,-0.2644752119704688,-0.2127801577604622,-1.995938895504344,0.0215950864117801,-1.008766990958062,-1.2713033016895203,-0.1787542411339173,-0.5462745302778015,-1.2917715494048516,-0.3450676701088302,-0.4733519396480107,-1.236016781629586,-0.287823172707646,-0.4740968044609699,-1.27307117179798,-0.4159486277349519,-0.428561272031514
ROT2,MNS1,MNS1|ROT2,0.0,-0.0822439484207782,0.0201137694336283,-0.0511788589272033,-1.6738557440438349,-0.6076113500748865,-0.5331221969844742,-0.0820076923092627,0.0203301165834276,-0.0511689044463451,-1.655713222438799,-0.5141861357098608,-0.5707635433644691,-1.2710675488351206,-0.5289051877130522,-0.3710811805610342,-1.4267777943064082,-0.4471440013316026,-0.4898168964874028,-1.4492289272719323,-0.3971741480475126,-0.5260273896122099,-1.508846584132026,-0.3619294191475928,-0.5734585824922166
OST5,MNS1,MNS1|OST5,0.0,-0.2195264363371722,-0.3893070377368134,0.0848903006998205,-0.7194177007323317,-0.6345910727448683,-0.0424133139937317,-0.2160923340582942,-0.3830548558433471,0.0834812608925264,-0.7397380153007306,-0.5981509922156699,-0.0707935115425303,-0.6162557840197462,-0.5480019107695581,-0.034126936625094,-0.8578039223567966,-0.3086544765884344,-0.274574722884181,-0.9598557114642462,-0.2435628384255642,-0.3581464365193409,-0.8771861593208546,-0.3087665693491178,-0.2842097949858684
DIE2,MNS1,DIE2|MNS1,0.0,-1.522245146628657,-0.0856677522956119,-0.7182886971665225,-1.043150899899905,-0.3263986607037683,-0.3583761195980683,-1.5655027743491714,-0.1380367664151595,-0.7137330039670059,-1.7241315995812423,-0.1877507260280033,-0.7681904367766195,-1.3359895570983908,-0.1349853428727395,-0.6005021071128257,-0.989511819141696,0.1361492366929712,-0.5628305279173336,-1.003653642820823,0.1597151948991088,-0.5816844188599659,-1.010288467594858,0.143868176241747,-0.5770783219183026
ALG5,MNS1,ALG5|MNS1,0.0,-0.1736690275962937,0.0839756071315149,-0.1288223173639043,-0.8329935089640255,-0.5134019523225204,-0.1597957783207525,-0.175115261913042,0.0825733797155061,-0.1288443208142741,-0.8278505265087269,-0.5096682172860666,-0.1590911546113301,-0.9733795168195764,-0.6203483844851129,-0.1765155661672317,-1.1171368164656958,-0.1859318622726928,-0.4656024770965015,-1.0768943620501072,-0.1048051675435102,-0.4860445972532985,-1.0640577434798426,-0.1860354165637861,-0.4390111634580282
ALG8,MNS1,ALG8|MNS1,0.0,-0.1044872138499338,0.0001612081619712,-0.0523242110059525,-0.6873868763139376,-0.672184604982402,-0.0076011356657678,-0.1057957478957511,-0.0014981734649955,-0.0521487872153777,-0.8185751575773307,-0.9086911710329444,0.0450580067278069,-1.1390853648771917,-0.7323878657129412,-0.2033487495821252,-1.0776918869126266,-0.2632440839739473,-0.4072239014693397,-1.087015790818285,-0.1533781972771049,-0.46681879677059,-0.9918801990348148,-0.4209967357069971,-0.2854417316639088
ALG12,MNS1,ALG12|MNS1,0.0,-0.0982253307036512,0.0033428138372901,-0.0507840722704707,-0.0804521943525145,0.0105308545699601,-0.0454915244612373,-0.0992538742838314,0.0020387821114899,-0.0506463281976606,-0.0813028305306364,0.0094411940014573,-0.0453720122660469,-1.0119131616021284,-0.7793911608285646,-0.1162610003867818,-1.1159161394888928,-1.0213172512327442,-0.0472994441280743,-1.1889810449940998,-0.9661245687425304,-0.1114282381257847,-0.9923989174346004,-1.1634926555893716,0.0855468690773855
ALG9,MNS1,ALG9|MNS1,0.0,-1.3803449086449484,-1.4620132658265912,0.0408341785908213,-1.4004390132528317,-1.4754848268509102,0.0375229067990392,-1.007847559832294,-0.823956068202435,-0.0919457458149294,-1.4088758714664706,-1.4987851194142705,0.0449546239738999,-1.6103403950778876,-1.303723752577444,-0.1533083212502217,-1.202636293097912,-0.9323731782388364,-0.1351315574295378,-1.3159405986207235,-0.888676361302979,-0.2136321186588722,-1.1387378545595404,-1.1211646025398818,-0.0087866260098292
ALG6,MNS1,ALG6|MNS1,0.0,-0.1441035166641512,0.0122204378777375,-0.0781619772709443,-0.8358641933351724,-0.5561082877278022,-0.1398779528036851,-0.1453775269970353,0.010594544970696,-0.0779860359838657,-0.894359538109391,-0.6454149168805984,-0.1244723106143962,-1.3903140096774589,-0.2802250102745513,-0.5550444997014536,-1.0852365528952497,0.0594606476005517,-0.5723486002479006,-1.1262897969678387,0.1661848244094643,-0.6462373106886515,-0.9076269753273404,-0.21094177045911,-0.3483426024341151
ALG3,MNS1,ALG3|MNS1,0.0,-0.1235233585679956,0.047729822134267,-0.0856265903511313,-1.6332649261615928,-1.9310612614009632,0.1488981676196852,-0.124991347639404,0.0462186341773663,-0.0856049909083851,-1.6207044196862237,-1.9327659629548608,0.156030771634319,-1.3935923306182794,-1.8446538848313363,0.2255307771065284,-1.6002118486647214,-0.7730090456527585,-0.4136014015059814,-1.532636042213934,-0.8147130966616238,-0.3589614727761551,-1.672010449747493,-0.7847299776921063,-0.4436402360276933
OST3,MNS1,MNS1|OST3,0.0,-0.0398610503932492,-0.0403327130403298,0.0002358313235403,-0.6852838205675921,-0.3492739183721017,-0.1680049510977451,-0.0404463738295347,-0.0414623954678944,0.0005080108191798,-1.21112469162379,-0.2509351156500363,-0.4800947879868767,-0.9759878141729836,-0.247239318854347,-0.3643742476593183,-1.055167560074342,-0.1420993804062418,-0.4565340898340501,-1.170963358278706,-0.0998208526638104,-0.5355712528074478,-1.1233700636336097,-0.1249001048669594,-0.499234979383325
ANP1,MNS1,ANP1|MNS1,0.0,-0.0618021302864733,-0.4879088697554453,0.213053369734486,-1.4178250469747065,-0.5926111588790641,-0.4126069440478211,-0.1550848264413177,-0.379927818303453,0.1124214959310676,-1.2673267236053536,-0.1419527083942289,-0.5626870076055623,-0.7908055686885042,-0.3635193505123513,-0.2136431090880764,-0.8827471888103892,-0.2937116931546462,-0.2945177478278715,-0.938744723812216,-0.223595933158032,-0.357574395327092,-1.090469354958474,-0.6944073813551697,-0.1980309868016521
BTS1,HMG1,BTS1|HMG1,0.0,-1.583434365865444,0.4965517802718783,-1.039993073068661,-0.5538390618554389,-0.2699558428641459,-0.1419416094956464,-1.5320858845368122,0.5846625057545811,-1.0583741951456966,-0.738726100769255,0.0170990511928517,-0.3779125759810534,-1.4627614990862607,-0.2911265853003934,-0.5858174568929336,-1.1067053696873896,-0.1790196787732426,-0.4638428454570735,-1.0911292563210186,-0.1784283539185015,-0.4563504512012585,-0.726609417331551,-0.1762120422096352,-0.2751986875609579
PCT1,PSD2,PCT1|PSD2,0.0,-0.7290779231189656,0.0853524713346073,-0.4072151972267864,-0.6916664887168837,-0.1937374521032888,-0.2489645183067974,-1.0660916254847064,0.1226098936697432,-0.5943507595772248,-0.634051766059762,-0.1160946683065151,-0.2589785488766234,-1.2023421967819796,-0.4348226000085023,-0.3837597983867387,-0.6074227081252235,-0.8745162036914126,0.1335467477830945,-0.6194833529575868,-0.659936510325639,0.0202265786840261,-0.3331996892790628,-0.7698109237694216,0.2183056172451794
DOA4,STP22,DOA4|STP22,0.0,-1.1419689042656946,-0.0349396838406669,-0.5535146102125139,-1.059444210035275,-0.8969534336875105,-0.0812453881738822,-1.1523276935496714,-0.046899210750452,-0.5527142413996097,-1.0856100296414264,-0.8900300812703027,-0.0977899741855618,-0.92305533051111,-1.060743450849401,0.0688440601691454,-0.8259934605052427,-0.9079333900224557,0.0409699647586064,-0.9180205826078084,-0.8555039830852704,-0.0312582997612689,-0.3962063526240091,-0.3650804201795343,-0.0155629662222374
GCS1,STP22,GCS1|STP22,0.0,-0.7312465866823701,1.0402849808952654,-0.8857657837888178,-0.8753189197481419,0.3799615092862113,-0.6276402145171767,-0.7253359587595192,0.9931195858673448,-0.859227772313432,-0.9073751821383128,0.3296763006587917,-0.6185257413985523,-0.9961990430469508,0.1681466982773142,-0.5821728706621325,-0.9095464997950152,0.0841914007112037,-0.4968689502531094,-0.9284613151623012,0.1447573206435837,-0.5366093179029425,-0.8924181734022979,0.092044585110282,-0.4922313792562899
VPS28,STP22,STP22|VPS28,0.0,-0.9583092444477398,-0.0457922111043311,-0.4562585166717043,-0.9254212643371872,0.0354540089714521,-0.4804376366543197,-0.9712627117233864,-0.0835096684791533,-0.4438765216221165,-0.9497272353840356,0.0041214925860351,-0.4769243639850353,-0.715011883869816,0.3361656421038859,-0.525588762986851,-0.9511719110680548,0.1258069590422915,-0.5384894350551731,-0.9534640296421972,0.1739405452697018,-0.5637022874559495,-0.9300897414452732,0.1430526829688957,-0.5365712122070845
GOS1,TLG2,GOS1|TLG2,0.0,-0.9274982620146384,0.4010566872234177,-0.6642774746190281,-0.8913686297440208,-0.3378164712419521,-0.2767760792510343,-0.9631713678697796,0.3762550163287539,-0.6697131920992668,-0.9469975254783672,-0.3621073982930654,-0.2924450635926509,-1.0174486272934151,-0.7575044407639585,-0.1299720932647284,-0.9974283702961334,-0.7218378347667085,-0.1377952677647124,-1.07951087794061,-0.6690074140632946,-0.2052517319386577,-0.9985857314522948,-0.6024810444537074,-0.1980523434992936
SEC22,TLG2,SEC22|TLG2,0.0,-0.6563167072067898,-0.2959819284924238,-0.180167389357183,-0.822595956666875,-0.6993011605288837,-0.0616473980689956,-0.6565325251065233,-0.3087671689532653,-0.1738826780766289,-0.8250623249931546,-0.7058659880658932,-0.0595981684636306,-1.3171833994244828,-1.6286720586844232,0.1557443296299702,-1.0663055718358103,-0.7098263522594306,-0.1782396097881899,-1.0338246334956056,-0.6415115822175946,-0.1961565256390054,-1.010628473373603,-0.2481080273616746,-0.3812602230059642
STP22,DOA4,DOA4|STP22,0.0,-0.0349396838406669,-1.1419689042656946,0.5535146102125139,-0.8969534336875105,-1.059444210035275,0.0812453881738822,-0.046899210750452,-1.1523276935496714,0.5527142413996097,-0.8900300812703027,-1.0856100296414264,0.0977899741855618,-1.060743450849401,-0.92305533051111,-0.0688440601691454,-0.9079333900224698,-0.8259934605052427,-0.0409699647586135,-0.8555039830852704,-0.9180205826078084,0.0312582997612689,-0.3650804201795343,-0.3962063526240091,0.0155629662222374
GCS1,DOA4,DOA4|GCS1,0.0,-0.063999908877402,-1.0896825387592144,0.5128413149409061,-0.9222874758462196,-0.5354736566245919,-0.1934069096108139,0.4448242122006746,-0.1279704639996134,0.286397338100144,-0.9394962519265656,-0.6412704356862899,-0.1491129081201377,-1.419323656523375,-0.5284066113685633,-0.4454585225774059,-1.2117296487263545,-0.3166892459253837,-0.4475202014004854,-1.1930474035497742,-0.6156928750537837,-0.2886772642479953,-1.0658644568581492,-0.447991142419955,-0.3089366572190971
VPS28,DOA4,DOA4|VPS28,0.0,-0.0917977806466072,0.0894676699426846,-0.0906327252946459,-1.0670344931214315,0.0168506529862043,-0.5419425730538179,-0.0625608023998128,-0.0595227391065979,-0.0015190316466074,-1.0913725187721848,-0.1387532791750238,-0.4763096197985804,-1.111049423698324,-0.1450057849819308,-0.4830218193581965,-1.1616432300106072,-0.2415277216288182,-0.4600577541908944,-0.9868033420173588,-0.2435180277816089,-0.371642657117875,-1.1609923072464408,-0.2339387750942465,-0.4635267660760971
PSD2,PCT1,PCT1|PSD2,0.0,0.0853524713346073,-0.7290779231189656,0.4072151972267864,-0.1937374521032888,-0.6916664887168837,0.2489645183067974,0.1226098936697432,-1.0660916254847064,0.5943507595772248,-0.1160946683065151,-0.634051766059762,0.2589785488766234,-0.4348226000085023,-1.2023421967819796,0.3837597983867387,-0.8745162036914126,-0.6074227081252235,-0.1335467477830945,-0.659936510325639,-0.6194833529575868,-0.0202265786840261,-0.7698109237694216,-0.3331996892790628,-0.2183056172451794
OST5,CWH41,CWH41|OST5,0.0,-0.6628665993048777,-0.2626856443552223,-0.2000904774748277,-0.0347642472342452,-0.3853891472339232,0.175312449999839,-0.4113701121952198,-0.1386075883924575,-0.1363812619013811,-0.0500010284262217,-0.4475202835355588,0.1987596275546685,-0.221128412217738,-0.5881427287368852,0.1835071582595736,-0.6349224220529177,-0.189181002928018,-0.2228707095624498,-0.6490164678683656,-0.192300841480786,-0.2283578131937897,-0.6080667892582283,-0.1520473220539878,-0.2280097336021202
DIE2,CWH41,CWH41|DIE2,0.0,-1.0403668033078723,-0.730317026422834,-0.1550248884425191,-0.5695712643891451,-1.1169303002118969,0.2736795179113758,-1.1643329603117671,-0.9530991095931296,-0.1056169253593187,-0.6439910414817641,-1.2387905749441297,0.2973997667311828,-0.9890765811924778,-1.5079643402895104,0.2594438795485163,-0.2307789299959021,-0.9584706586428616,0.3638458643234797,-0.2901683091824099,-0.9931258374260178,0.3514787641218039,-0.192004199327121,-0.9001796770201029,0.3540877388464909
ALG5,CWH41,ALG5|CWH41,0.0,-0.6986766752462025,-0.1930353161662182,-0.2528206795399921,-0.7232441696579593,-0.7779913520462259,0.0273735911941332,-0.6030163455985743,-0.7218145421547429,0.0593990982780843,-0.7361312474267528,-0.7981847894111511,0.0310267709921991,-0.5544437497452026,-0.5871180762850335,0.0163371632699154,-0.6913821667490784,-0.6554557261992681,-0.0179632202749051,-0.6910803665478357,-0.6728998736412624,-0.0090902464532866,-0.7317329450179152,-0.707583113617442,-0.0120749157002366
ALG8,CWH41,ALG8|CWH41,0.0,-0.9396893600609686,-0.298593510882608,-0.3205479245891802,-1.0652304174795535,-0.7162128147085439,-0.1745088013855047,-1.0369910351671048,-0.873184853141398,-0.0819030910128533,-1.0373922313156343,-0.9925845451756468,-0.0224038430699937,-0.8621697743306629,-0.701976367426904,-0.0800967034518794,-1.048793861976249,-1.0403223468691891,-0.0042357575535297,-1.0620191227097404,-1.0687740930934688,0.0033774851918642,-0.9433409402959052,-0.7905151841441834,-0.0764128780758608
ALG12,CWH41,ALG12|CWH41,0.0,-0.9151661174631448,-0.4922007007515346,-0.2114827083558051,-0.9701912967955576,-0.9002792400469544,-0.0349560283743016,-1.079014986073519,-0.7963373047763851,-0.1413388406485669,-0.9719639821192368,-0.9418014605044576,-0.0150812608073895,-0.9161495214620028,-0.8841854698255434,-0.0159820258182297,-0.8494209397222583,-1.0003218157641314,0.0754504380209365,-0.826621937341352,-1.034771911768246,0.1040749872134469,-0.8652999384657333,-0.981890562876469,0.0582953122053678
ALG9,CWH41,ALG9|CWH41,0.0,-0.3539203589764843,-0.704506630880766,0.1752931359521408,-0.5346947916654289,-0.8746613469476016,0.1699832776410863,-0.3601913969822884,-0.7045328781545968,0.1721707405861541,-0.5374623204185697,-0.8676022058143381,0.1650699426978842,-0.7129625569360667,-1.0316112075949946,0.1593243253294639,-1.076366053099681,-1.2460692761101415,0.0848516115052302,-1.052527960277096,-1.2429256706181615,0.0951988551705328,-1.0565740044517982,-1.115645449968811,0.0295357227585065
ALG6,CWH41,ALG6|CWH41,0.0,-0.8639895927897117,-0.3992750360645056,-0.232357278362603,-0.845234348194209,-0.8810780061232846,0.0179218289645378,-0.8545042375717464,-0.4096318482551246,-0.2224361946583109,-0.8324664859069056,-0.8717332338334272,0.0196333739632607,-0.8189829915456819,-0.8493748085591426,0.0151959085067303,-0.992632028111342,-0.973195356927832,-0.009718335591755,-1.0089601856977477,-0.9960488136691862,-0.0064556860142806,-0.9910104393294024,-0.9837880947649108,-0.0036111722822457
ALG3,CWH41,ALG3|CWH41,0.0,-1.049076818739797,-1.968376763582094,0.4596499724211486,-1.1681306300697445,-1.391991173682199,0.1119302718062273,-0.9801241315027008,-1.8887550313012709,0.454315449899285,-1.1053879418648878,-1.3301079336530464,0.1123599958940793,-1.0757050634349403,-1.3243248300902335,0.1243098833276465,-1.2477699880340989,-1.0595540610993577,-0.0941079634673704,-1.1492944037529813,-1.1437331702054627,-0.0027806167737592,-1.3359446129753398,-1.0579900194772611,-0.1389772967490392
OST3,CWH41,CWH41|OST3,0.0,-0.5333798527141907,-0.4497044389763767,-0.041837706868907,-0.5065797763400038,-0.5808291125537145,0.0371246681068553,-0.4812475861259995,-1.0586466146655276,0.288699514269764,-0.6583843013911573,-1.1735221304739318,0.2575689145413872,-0.4864561516808875,-1.1175885085024668,0.3155661784107896,-0.908794870948194,-1.4098763656022186,0.2505407473270122,-0.9452015413628654,-1.3208106499810073,0.1878045543090709,-0.9865223047432308,-1.4111511631808231,0.2123144292187962
UBC7,UFD2,UBC7|UFD2,0.0,-0.7062605501473557,-0.2183829070356145,-0.2439388215558705,-0.6523294532758489,-0.0711484234217558,-0.2905905149270465,-0.7114477440260359,-0.2790677294098195,-0.2161900073081082,-0.6553750526455697,-0.1050796916779608,-0.2751476804838044,-0.8383272868341842,-0.3696912930418086,-0.2343179968961878,-1.1247434151918956,-0.9580175392127712,-0.0833629379895621,-1.159634301092744,-1.0385150562011738,-0.060559622445785,-1.1400894001906925,-0.9019822764511948,-0.1190535618697489
HRD1,UFD2,HRD1|UFD2,0.0,-1.0103836092787457,-0.5779073702183962,-0.2162381195301746,-0.8908816145933581,-0.6664560079302897,-0.1122128033315342,-1.0108710280899225,-0.613138381592609,-0.1988663232486567,-0.8910382123048266,-0.6892396797752481,-0.1008992662647892,-0.9821222991868503,-0.7264519502511937,-0.1278351744678283,-0.9552422613992544,-0.7964289265141625,-0.0794066674425459,-0.9598301761444392,-0.8197166058755891,-0.070056785134425,-0.8933570857502225,-0.8102909529379403,-0.0415330664061411
TLG2,GOS1,GOS1|TLG2,0.0,0.4010566872234177,-0.9274982620146384,0.6642774746190281,-0.3378164712419538,-0.8913686297440208,0.2767760792510334,0.3762550163287539,-0.9631713678697796,0.6697131920992668,-0.3621073982930654,-0.9469975254783672,0.2924450635926509,-0.7575044407639585,-1.0174486272934151,0.1299720932647284,-0.7218378347667085,-0.9974283702961334,0.1377952677647124,-0.6690074140632946,-1.07951087794061,0.2052517319386577,-0.6024810444537074,-0.9985857314522948,0.1980523434992936
SEC22,GOS1,GOS1|SEC22,0.0,-0.5746298065765055,-0.9848051378674384,0.2050876656454664,-0.6179744635023745,-0.9800671218687356,0.1810463291831804,-0.5836139459344979,-1.0216349867993562,0.2190105204324291,-0.6271522270302181,-1.005023785517255,0.1889357792435184,-1.1181566930713362,-1.358091514631759,0.1199674107802113,-0.9105164299362534,-1.622797666464341,0.356140618264044,-0.8371439790014147,-1.682947613045846,0.4229018170222157,-0.7883606628168338,-1.5409032963613607,0.3762713167722634
STP22,GCS1,GCS1|STP22,0.0,1.0402849808952654,-0.7312465866823701,0.8857657837888178,0.3799615092862113,-0.8753189197481419,0.6276402145171767,0.9931195858673448,-0.7253359587595192,0.859227772313432,0.3296763006587917,-0.9073751821383128,0.6185257413985523,0.1681466982773142,-0.9961990430469508,0.5821728706621325,0.0841914007112037,-0.9095464997950152,0.4968689502531094,0.1447573206435837,-0.9284613151623012,0.5366093179029425,0.092044585110282,-0.8924181734022979,0.4922313792562899
DOA4,GCS1,DOA4|GCS1,0.0,-1.0896825387592144,-0.063999908877402,-0.5128413149409061,-0.5354736566245919,-0.9222874758462196,0.1934069096108139,-0.1279704639996134,0.4448242122006746,-0.286397338100144,-0.6412704356862899,-0.9394962519265656,0.1491129081201377,-0.5284066113685633,-1.419323656523375,0.4454585225774059,-0.3166892459253837,-1.2117296487263545,0.4475202014004854,-0.6156928750537837,-1.1930474035497742,0.2886772642479953,-0.447991142419955,-1.0658644568581492,0.3089366572190971
VPS28,GCS1,GCS1|VPS28,0.0,0.6433456019940255,0.3404740270338169,0.1514357874801042,0.7276278036115869,0.1370465132014234,0.2952906452050817,0.5995189385495974,0.2434161649708405,0.1780513867893784,0.6965954874590938,0.0895029101689757,0.303546288645059,0.2859925207686987,-0.2485532890527072,0.2672729049107029,-0.2214080146846361,-0.5884572935872057,0.1835246394512847,-0.2744899330814233,-0.4208001293662594,0.073155098142418,0.0550161738526107,-0.085573483217892,0.0702948285352514
CWH41,ROT2,CWH41|ROT2,0.0,-0.3157724932455173,-0.247381392872288,-0.0341955501866146,-0.2994556758597256,-0.0817920769432704,-0.1088317994582276,-0.355972175562417,-0.2729432167962715,-0.0415144793830727,-0.3213044407355593,-0.0976188093658371,-0.1118428156848611,-0.1673560893006898,0.2825801485822838,-0.2249681189414868,-0.1539645732653567,-0.0784942343903922,-0.0377351694374822,-0.1015633846172036,-0.1402534115419083,0.0193450134623523,-0.1226687052464058,-0.145477685079487,0.0114044899165406
OST5,ROT2,OST5|ROT2,0.0,-0.0241632557522431,-0.3019633722906123,0.1389000582691845,0.4423333996646575,-0.9987982636069084,0.7205658316357829,-0.0292402972414328,-0.3511212026610605,0.1609404527098138,0.4203511169046555,-1.0308680808458166,0.725609598875236,0.2955168572298751,-1.0824838125166405,0.6890003348732577,-0.1785682101121528,-1.0379349717386062,0.4296833808132266,-0.265931069287998,-0.9883997689316752,0.3612343498218386,-0.2520815558912992,-1.0224219949342168,0.3851702195214588
DIE2,ROT2,DIE2|ROT2,0.0,-1.0332620029703807,-0.3162890220761615,-0.3584864904471095,-0.3661947810782254,-0.6790622230361424,0.1564337209789584,-1.0533183777307995,-0.4201478223974917,-0.316585277666654,-0.378713325757967,-0.7227802111252273,0.1720334426836301,-0.7039144182033253,-1.0100324281907471,0.1530590049937109,-0.7751956172217872,-0.94676890770051,0.0857866452393614,-0.798451127693339,-1.038350812303145,0.119949842304903,-0.8603914163639802,-0.873184454392144,0.0063965190140818
ALG5,ROT2,ALG5|ROT2,0.0,-0.8803750978739235,-0.1928703235429971,-0.3437523871654632,-0.6235668313270466,-0.7424968958618194,0.0594650322673864,-0.8684049893495351,-0.1959713057710806,-0.3362168417892273,-0.6330871143451267,-0.7603763487899009,0.0636446172223871,-0.4704876737144708,-0.615637732594302,0.0725750294399155,-0.5155449050523803,-0.3332860032824167,-0.0911294508849817,-0.5434359121597369,-0.3542000897822923,-0.0946179111887222,-0.5442811980715152,-0.3657343468811949,-0.0892734255951601
ALG8,ROT2,ALG8|ROT2,0.0,-0.7193032565694361,-0.2955974042469387,-0.2118529261612486,-0.8209229497524655,-0.8868013180374246,0.0329391841424795,-0.5276043073321826,0.0402374761677963,-0.2839208917499894,-0.8302522529254299,-0.8930472246552809,0.0313974858649254,-0.850407653692207,-0.930687823222897,0.0401400847653449,-0.8726955259790831,-0.8634064675516152,-0.0046445292137339,-0.9294649076212184,-0.8744184564573849,-0.0275232255819167,-0.8612541140524156,-0.8527543245534248,-0.0042498947494953
ALG12,ROT2,ALG12|ROT2,0.0,-0.1534601938097617,0.0812117913083665,-0.1173359925590641,-1.2649535417055262,-0.2019907434751397,-0.5314813991151932,-0.156392767399916,0.0775310114024154,-0.1169618894011657,-1.566796827506584,-0.7637533559847578,-0.4015217357609131,-1.5536176378768234,-0.7914391346357735,-0.3810892516205249,-1.297259218879358,-0.3759968701758153,-0.4606311743517713,-1.3189160746046809,-0.3935958726004617,-0.4626601010021095,-1.3060283138877828,-0.3550182325054249,-0.4755050406911789
ALG9,ROT2,ALG9|ROT2,0.0,-0.8429795639418944,-0.404478535499116,-0.2192505142213892,-0.8288139857617733,-0.394877906406915,-0.2169680396774291,-0.8543555706107071,-0.4348814167096973,-0.2097370769505049,-0.842784594280933,-0.407116268634745,-0.217834162823094,-0.9027726625075556,-0.487532020234758,-0.2076203211363988,-1.1536057030734264,-0.5638729412884821,-0.2948663808924721,-1.1701644305159562,-0.5935521735037864,-0.2883061285060849,-1.1556752438334723,-0.5544816011584808,-0.3005968213374957
ALG6,ROT2,ALG6|ROT2,0.0,-0.9053064017516306,-0.4694492443282319,-0.2179285787116993,-0.8033675949963079,-1.2349909484556196,0.2158116767296558,-0.8915612889404715,-0.4750969301940691,-0.2082321793732011,-0.8041695564345902,-1.2143537539174023,0.2050920987414061,-0.8321569496529109,-1.1789696823670484,0.1734063663570687,-0.9883352023441706,-0.9399051306328025,-0.0242150358556841,-1.019440201734256,-0.899664667842949,-0.0598877669456534,-0.9712250670361808,-0.947612440525752,-0.0118063132552143
ALG3,ROT2,ALG3|ROT2,0.0,-0.9219363408244178,0.0966730313715107,-0.5093046860979642,-0.8722964043723981,-0.5664520026212796,-0.1529222008755592,-0.9578788208927584,-1.6395079630277607,0.3408145710675011,-0.8446186544705222,-0.5426413604420166,-0.1509886470142528,-0.7823074887610875,-0.3955983350779964,-0.1933545768415455,-0.9807747126504098,-0.2638777647866215,-0.3584484739318941,-0.93625246511934,-0.3290798100640439,-0.303586327527648,-1.0537892638819228,-0.2691449174418527,-0.392322173220035
OST3,ROT2,OST3|ROT2,0.0,-0.5273270237362943,-0.6658810020485632,0.0692769891561344,-0.7615749642237575,-1.2192253227991166,0.2288251792876795,-0.5102232252420397,-0.6931507205604461,0.0914637476592032,-0.751121996593175,-1.2044021895592325,0.2266400964830286,-0.5005925322891553,-1.1851112889693194,0.342259378340082,-0.9184993262388164,-1.349815183758169,0.2156579287596762,-0.91077757273761,-1.337956253175539,0.2135893402189643,-1.0156664816897458,-1.3301481005934022,0.1572408094518281
DOA4,VPS28,DOA4|VPS28,0.0,0.0894676699426846,-0.0917977806466072,0.0906327252946459,0.0168506529862043,-1.0670344931214315,0.5419425730538179,-0.0595227391065979,-0.0625608023998128,0.0015190316466074,-0.1387532791750238,-1.0913725187721848,0.4763096197985804,-0.1450057849819308,-1.111049423698324,0.4830218193581965,-0.2415277216288182,-1.1616432300106072,0.4600577541908944,-0.2435180277816089,-0.9868033420173588,0.371642657117875,-0.2339387750942465,-1.1609923072464408,0.4635267660760971
GCS1,VPS28,GCS1|VPS28,0.0,0.3404740270338169,0.6433456019940255,-0.1514357874801042,0.1370465132014234,0.7276278036115869,-0.2952906452050817,0.2434161649708405,0.5995189385495974,-0.1780513867893784,0.0895029101689757,0.6965954874590938,-0.303546288645059,-0.2485532890527072,0.2859925207686987,-0.2672729049107029,-0.5884572935872057,-0.2214080146846361,-0.1835246394512847,-0.4208001293662594,-0.2744899330814233,-0.073155098142418,-0.085573483217892,0.0550161738526107,-0.0702948285352514
MNS1,OST5,MNS1|OST5,0.0,-0.3893070377368134,-0.2195264363371722,-0.0848903006998205,-0.6345910727448683,-0.7194177007323317,0.0424133139937317,-0.3830548558433471,-0.2160923340582942,-0.0834812608925264,-0.5981509922156699,-0.7397380153007306,0.0707935115425303,-0.5480019107695581,-0.6162557840197462,0.034126936625094,-0.3086544765884344,-0.8578039223567966,0.274574722884181,-0.2435628384255642,-0.9598557114642462,0.3581464365193409,-0.3087665693491178,-0.8771861593208546,0.2842097949858684
CWH41,OST5,CWH41|OST5,0.0,-0.2626856443552223,-0.6628665993048777,0.2000904774748277,-0.3853891472339232,-0.0347642472342452,-0.175312449999839,-0.1386075883924575,-0.4113701121952198,0.1363812619013811,-0.4475202835355588,-0.0500010284262217,-0.1987596275546685,-0.5881427287368852,-0.221128412217738,-0.1835071582595736,-0.189181002928018,-0.6349224220529177,0.2228707095624498,-0.192300841480786,-0.6490164678683656,0.2283578131937897,-0.1520473220539878,-0.6080667892582283,0.2280097336021202
ROT2,OST5,OST5|ROT2,0.0,-0.3019633722906123,-0.0241632557522431,-0.1389000582691845,-0.9987982636069084,0.4423333996646575,-0.7205658316357829,-0.3511212026610605,-0.0292402972414328,-0.1609404527098138,-1.0308680808458166,0.4203511169046555,-0.725609598875236,-1.0824838125166405,0.2955168572298751,-0.6890003348732577,-1.0379349717386062,-0.1785682101121528,-0.4296833808132266,-0.9883997689316752,-0.265931069287998,-0.3612343498218386,-1.0224219949342168,-0.2520815558912992,-0.3851702195214588
DIE2,OST5,DIE2|OST5,0.0,-0.5300637633586296,-0.0708754315182766,-0.2295941659201764,-0.2837932253707841,-0.0417034963228891,-0.1210448645239475,-0.5690752396257858,-0.1496365375974611,-0.2097193510141622,-0.2967297424600006,-0.0775041586781671,-0.1096127918909167,-0.4358023925818102,0.310936957041989,-0.3733696748118996,1.685919526844623,-0.5638232090553713,1.124871367949997,1.5484672456589836,-0.422845319441137,0.9856562825500604,1.952942501420715,-0.4042486451526794,1.178595573286697
ALG5,OST5,ALG5|OST5,0.0,-0.9644865677869234,0.6748797298900051,-0.8196831488384643,-1.0898532215865513,-0.0218443796521106,-0.5340044209672203,-1.0018954529200623,0.6753955176207437,-0.8386454852704031,-0.951753651492029,-1.032793440826728,0.0405198946673494,-0.9218245467656908,-0.6084755978191,-0.1566744744732954,-1.3065119897186457,-1.062305795793437,-0.1221030969626043,-1.375191981209838,-0.8474538634097616,-0.2638690589000382,-1.3327623572795018,-1.475425317165228,0.0713314799428631
ALG8,OST5,ALG8|OST5,0.0,-1.0940335658772626,0.4169973033539798,-0.7555154346156212,-1.185483400338158,-0.8268741067335088,-0.1793046468023246,-1.1072931071190717,0.4127050028103048,-0.7599990549646881,-1.2092322515009135,-0.8429348685196338,-0.1831486914906398,-1.2477372413702557,-0.7753227583164155,-0.23620724152692,-1.3826083526631436,-1.0652238833995873,-0.1586922346317781,-1.4329484231768843,-0.9843684613857804,-0.224289980895552,-1.369923896477587,-1.140146388146139,-0.114888754165724
ALG12,OST5,ALG12|OST5,0.0,-0.9722329715553376,0.292517640256457,-0.6323753059058973,-0.9983599088437044,0.2562453918587562,-0.6273026503512302,-0.9733731544021909,0.2945731954071926,-0.6339731749046917,-0.992165255024301,0.2608079475046839,-0.6264866012644924,-0.9583691610799784,0.2714126071041901,-0.6148908840920841,-0.212766872904768,0.420554530170394,-0.316660701537581,0.1585121289097548,0.1194133196602812,0.0195494046247367,-0.0886333078548404,0.4305945876639104,-0.2596139477593754
ALG9,OST5,ALG9|OST5,0.0,-1.36364353180256,0.347299187989586,-0.855471359896073,-1.098433458848005,0.4306485095756481,-0.7645409842118265,-1.3516818924168643,0.3355028226119012,-0.8435923575143829,-1.3440351507302777,0.2546184015509429,-0.7993267761406102,-1.290659877803127,0.2617514244767482,-0.7762056511399377,0.5921271265162424,-0.9195576948106656,0.755842410663454,0.4554242836564435,-0.8603180392327797,0.6578711614446117,0.6959097517955025,-0.9303769846440876,0.813143368219795
ALG6,OST5,ALG6|OST5,0.0,-1.19860372883518,-0.0173264444424785,-0.5906386421963508,-1.1253627566836908,-0.7088834699362501,-0.2082396433737203,-1.1976287719087175,-0.0210129364382716,-0.5883079177352231,-1.128397931782813,-0.7139444989412617,-0.2072267164207756,-1.1925248453423345,-0.7128482418890583,-0.2398383017266381,-1.4388524401914609,-0.7090546945903162,-0.3648988728005723,-1.5507356671255617,-0.673058391892185,-0.4388386376166883,-1.4135254147945011,-0.7257593896098746,-0.3438830125923132
ALG3,OST5,ALG3|OST5,0.0,-0.119892938987022,0.1283683430455524,-0.1241306410162872,-0.0216273175290639,-2.138696631978436,1.058534657224686,-0.5467839252882066,0.4235243531132132,-0.4851541392007099,-0.1876261203946786,-2.179216996810224,0.9957954382077728,-0.1052535667392564,-1.542250677214405,0.7184985552375741,-1.3853563012981025,-1.2509811306314649,-0.0671875853333188,-1.337642942773666,-1.4972574987286,0.079807277977467,-1.3948406306584482,-1.4556958041030204,0.030427586722286
OST3,OST5,OST3|OST5,0.0,-0.6996365861696334,-0.4342750476162426,-0.1326807692766954,-1.288277361973263,-0.2556543642354105,-0.5163114988689262,-0.694580127162218,-0.4404919668499714,-0.1270440801561232,-1.2949898688651833,-0.2917809999925465,-0.5016044344363184,-1.1281744950582515,-0.2189901956435276,-0.454592149707362,-1.0937954095970792,0.0632277256369953,-0.5785115676170373,-1.000318067659022,-0.1218398746455145,-0.4392390965067537,-1.0950688495228649,0.092724762198807,-0.5938968058608359
MNS1,DIE2,DIE2|MNS1,0.0,-0.0856677522956119,-1.522245146628657,0.7182886971665225,-0.3263986607037665,-1.043150899899905,0.3583761195980692,-0.1380367664151595,-1.5655027743491714,0.7137330039670059,-0.1877507260280033,-1.7241315995812423,0.7681904367766195,-0.1349853428727395,-1.3359895570983908,0.6005021071128257,0.1361492366929712,-0.989511819141696,0.5628305279173336,0.1597151948991088,-1.003653642820823,0.5816844188599659,0.143868176241747,-1.010288467594858,0.5770783219183026
CWH41,DIE2,CWH41|DIE2,0.0,-0.730317026422834,-1.0403668033078723,0.1550248884425191,-1.1169303002119109,-0.5695712643891451,-0.2736795179113829,-0.9530991095931296,-1.1643329603117671,0.1056169253593187,-1.2387905749441297,-0.6439910414817641,-0.2973997667311828,-1.5079643402895104,-0.9890765811924778,-0.2594438795485163,-0.9584706586428616,-0.2307789299959021,-0.3638458643234797,-0.9931258374260178,-0.2901683091824099,-0.3514787641218039,-0.9001796770201029,-0.192004199327121,-0.3540877388464909
ROT2,DIE2,DIE2|ROT2,0.0,-0.3162890220761615,-1.0332620029703807,0.3584864904471095,-0.6790622230361437,-0.3661947810782286,-0.1564337209789575,-0.4201478223974917,-1.0533183777307995,0.316585277666654,-0.7227802111252273,-0.378713325757967,-0.1720334426836301,-1.0100324281907471,-0.7039144182033253,-0.1530590049937109,-0.94676890770051,-0.7751956172217872,-0.0857866452393614,-1.038350812303145,-0.798451127693339,-0.119949842304903,-0.873184454392144,-0.8603914163639802,-0.0063965190140818
OST5,DIE2,DIE2|OST5,0.0,-0.0708754315182766,-0.5300637633586296,0.2295941659201764,-0.0417034963228891,-0.2837932253707841,0.1210448645239475,-0.1496365375974611,-0.5690752396257858,0.2097193510141622,-0.0775041586781671,-0.2967297424600006,0.1096127918909167,0.310936957041989,-0.4358023925818102,0.3733696748118996,-0.5638232090553713,1.685919526844623,-1.124871367949997,-0.422845319441137,1.5484672456589836,-0.9856562825500604,-0.4042486451526794,1.952942501420715,-1.178595573286697
ALG5,DIE2,ALG5|DIE2,0.0,-0.3729895280631172,0.0274283082022927,-0.2002089181327049,-0.8695761872399999,-0.0470526179591433,-0.4112617846404282,-0.4090861822886806,0.027206942436577,-0.2181465623626288,-0.9135487729446256,-0.0548069859632324,-0.4293708934906965,-0.8973503391277766,-0.5922360504380156,-0.1525571443448805,-0.8142271061540927,0.3657221111006198,-0.5899746086273563,-0.7126889110252145,0.3042815844215543,-0.5084852477233844,-0.6962464924958849,0.5890839619493168,-0.6426652272226008
ALG8,DIE2,ALG8|DIE2,0.0,-0.638639465026733,-0.4082629550270188,-0.115188254999857,-0.9141836989741244,-0.1880452733595031,-0.3630692128073106,-0.668986423527469,-0.4380283355707647,-0.1154790439783521,-0.9186368716945956,-0.1853923961313894,-0.3666222377816032,-0.9341213900734971,-0.5249819920027,-0.2045696990353985,-0.9133587257566486,0.8120753048338332,-0.8627170152952408,-0.8478305225103552,0.7746281133977904,-0.8112293179540728,-0.9715011525271354,0.9288356449208716,-0.9501683987240036
ALG12,DIE2,ALG12|DIE2,0.0,-0.88290700163376,-0.4531515549639429,-0.2148777233349085,-0.8251849878259565,-0.272618104500182,-0.2762834416628872,-1.0121262482540616,-0.8103743869479085,-0.1008759306530765,-0.8492632605371248,-0.2581433433736403,-0.2955599585817422,-0.8135568430800555,-0.165909178285701,-0.3238238323971772,-1.0093666788338267,-0.2763502969381136,-0.3665081909478566,-0.9221966228197545,-0.375997487943197,-0.2730995674382787,-1.1823451016124658,-0.4824301178391621,-0.3499574918866518
ALG9,DIE2,ALG9|DIE2,0.0,-0.7662635835714959,-0.5069250370482467,-0.1296692732616246,-1.015248225598608,0.0750181593086079,-0.5451331924536079,-0.8060253582232074,-0.5340421236684751,-0.1359916172773661,-1.0214670039647111,0.0695965296348483,-0.5455317667997798,-1.0760783611274114,-0.1648496238780853,-0.455614368624663,-0.6741657877259241,0.0016311187703679,-0.337898453248146,-0.6720051535653012,-0.1305109973428535,-0.2707470781112238,-0.7739173144651723,0.6653517532330683,-0.7196345338491204
ALG6,DIE2,ALG6|DIE2,0.0,-0.9439812411790404,0.2135212433241684,-0.5787512422516043,-1.221694150075538,-0.0406199927259237,-0.5905370786748072,-0.9433462762167024,-0.6735058866111875,-0.1349201948027574,-1.067257120146368,-0.399721896496454,-0.3337676118249569,-0.7199827326671433,-0.462946156888484,-0.1285182878893296,-0.9041054024298596,0.3269239157889174,-0.6155146591093885,-0.8251720841348898,0.3006188313897291,-0.5628954577623095,-0.8553326582746388,0.551140594961151,-0.7032366266178949
ALG3,DIE2,ALG3|DIE2,0.0,-0.2471664833905138,-2.050909803683673,0.9018716601465796,-0.7240346763725724,-1.529241431865305,0.4026033777463663,-0.2931130236813755,-2.064044305585873,0.885465640952249,-0.3151940518538905,-1.7670351340528705,0.7259205410994899,-0.4215819853802989,-1.584227158602911,0.5813225866113061,-1.5240374524121143,0.0009300989776274,-0.7624837756948709,-1.2221681797096724,-0.6644893225172409,-0.2788394285962157,-1.4141350417902057,-0.2128933856569169,-0.6006208280666444
OST3,DIE2,DIE2|OST3,0.0,-1.4905347952218695,-0.7534899492247426,-0.3685224229985636,-1.5202615580597958,-0.7633935624642483,-0.3784339977977737,-1.561445108814851,-0.7857110148384435,-0.3878670469882038,-1.7085515230577129,-0.2850449855589207,-0.711753268749396,-1.7351033972762515,-0.0778848689025038,-0.828609264186874,-1.0906733161718452,-0.4712797842917941,-0.3096967659400255,-1.0570201198640556,-0.5540441366245793,-0.2514879916197381,-1.1018453689298997,-0.499981400806078,-0.3009319840619108
UFD2,UBC7,UBC7|UFD2,0.0,-0.2183829070356145,-0.7062605501473557,0.2439388215558705,-0.0711484234217558,-0.6523294532758489,0.2905905149270465,-0.2790677294098195,-0.7114477440260359,0.2161900073081082,-0.1050796916779608,-0.6553750526455697,0.2751476804838044,-0.3696912930418086,-0.8383272868341842,0.2343179968961878,-0.9580175392127712,-1.1247434151918956,0.0833629379895621,-1.0385150562011738,-1.159634301092744,0.060559622445785,-0.9019822764511948,-1.1400894001906925,0.1190535618697489
HRD1,UBC7,HRD1|UBC7,0.0,-0.4558909379213814,-0.104365828676262,-0.1757625546225596,-0.0423143314743688,0.0411703926613189,-0.0417423620678439,-0.4644227494214327,-0.1608468109098065,-0.151787969255813,-0.0587111533762618,-0.0202982002711684,-0.0192064765525466,-0.3175642570121618,-0.269686554208133,-0.0239388514020144,-0.813306976537872,-0.7332044120148781,-0.0400512822614969,-1.001393314271543,-0.7885349198189456,-0.1064291972262986,-0.7820046039967965,-0.7229224863674041,-0.0295410588146962
MNS1,ALG5,ALG5|MNS1,0.0,0.0839756071315149,-0.1736690275962937,0.1288223173639043,-0.5134019523225208,-0.8329935089640255,0.1597957783207523,0.0825733797155061,-0.175115261913042,0.1288443208142741,-0.5096682172860666,-0.8278505265087269,0.1590911546113301,-0.6203483844851129,-0.9733795168195764,0.1765155661672317,-0.1859318622726928,-1.1171368164656967,0.465602477096502,-0.1048051675435102,-1.0768943620501072,0.4860445972532985,-0.1860354165637861,-1.0640577434798426,0.4390111634580282
CWH41,ALG5,ALG5|CWH41,0.0,-0.1930353161662182,-0.6986766752462025,0.2528206795399921,-0.7779913520462259,-0.7232441696579593,-0.0273735911941332,-0.7218145421547429,-0.6030163455985743,-0.0593990982780843,-0.7981847894111511,-0.7361312474267528,-0.0310267709921991,-0.5871180762850335,-0.5544437497452026,-0.0163371632699154,-0.6554557261992681,-0.6913821667490784,0.0179632202749051,-0.6728998736412624,-0.6910803665478357,0.0090902464532866,-0.707583113617442,-0.7317329450179152,0.0120749157002366
ROT2,ALG5,ALG5|ROT2,0.0,-0.1928703235429971,-0.8803750978739235,0.3437523871654632,-0.742496895861819,-0.6235668313270479,-0.0594650322673855,-0.1959713057710806,-0.8684049893495351,0.3362168417892273,-0.7603763487899009,-0.6330871143451267,-0.0636446172223871,-0.615637732594302,-0.4704876737144708,-0.0725750294399155,-0.3332860032824167,-0.5155449050523803,0.0911294508849817,-0.3542000897822923,-0.5434359121597369,0.0946179111887222,-0.3657343468811949,-0.5442811980715152,0.0892734255951601
OST5,ALG5,ALG5|OST5,0.0,0.6748797298900051,-0.9644865677869234,0.8196831488384643,-0.0218443796521106,-1.0898532215865513,0.5340044209672203,0.6753955176207437,-1.0018954529200623,0.8386454852704031,-1.032793440826728,-0.951753651492029,-0.0405198946673494,-0.6084755978191,-0.9218245467656908,0.1566744744732954,-1.062305795793437,-1.3065119897186457,0.1221030969626043,-0.8474538634097616,-1.375191981209838,0.2638690589000382,-1.475425317165228,-1.3327623572795018,-0.0713314799428631
ALG12,ALG5,ALG12|ALG5,0.0,-0.424928893293252,-0.0979192182966693,-0.1635048374982913,-0.3351322126583101,-0.2005301301490055,-0.0673010412546523,-0.4236622563901048,-0.1148081566058075,-0.1544270498921486,-0.1100281145649284,-0.4732060866560875,0.1815889860455795,0.2050096511586908,-0.196111077668887,0.2005603644137889,0.4534016686215698,-0.1730999240321836,0.3132507963268767,0.4550277417514816,-0.1650622663807283,0.3100450040661049,0.3406531684879054,-0.2171238614554565,0.278888514971681
ALG9,ALG5,ALG5|ALG9,0.0,-0.7582701943982681,0.1905018749798112,-0.4743860346890397,-0.5799583083053615,0.442353725392589,-0.5111560168489753,-0.766277508250902,0.1692024566414976,-0.4677399824461998,-0.5684172005173863,0.4390886652275886,-0.5037529328724875,-0.5283641320019591,0.3178675671057314,-0.4231158495538453,-0.3990027263373985,0.1005849283768504,-0.2497938273571244,-0.4117423555451689,0.1040861480260668,-0.2579142517856179,-0.3292889081910077,-0.5598739983157669,0.1152925450623795
ALG3,ALG5,ALG3|ALG5,0.0,-0.1566994049671955,0.1255723664884297,-0.1411358857278126,-1.4712735402479449,1.0932522417712374,-1.282262891009591,-0.5514547908232238,0.2891271286563032,-0.4202909597397635,-1.4087873084254392,1.1241988853540457,-1.2664930968897423,-1.4914105283362442,1.3187243690290589,-1.405067448682651,-1.572884663622898,1.7494260286503664,-1.6611553461366322,-1.6806602719877446,1.6855154843200482,-1.6830878781538965,-1.4109630890056053,1.6579766350557552,-1.5344698620306805
OST3,ALG5,ALG5|OST3,0.0,-0.865416299478963,-0.5264152502796514,-0.1695005245996558,-1.4092670108767582,-0.1176199360324782,-0.6458235374221399,-0.8442363800952073,-0.5595695332324963,-0.1423334234313555,-1.3995989436288658,-0.2040624067984022,-0.5977682684152318,-1.0095579319647303,-0.0550867836367544,-0.477235574163988,-0.8143196327165201,-0.165669716518117,-0.3243249580992015,-0.7152731508070326,-0.3497581710931235,-0.1827574898569545,-0.9805444759228776,-0.1123361237118932,-0.4341041761054923
PMT2,PMT1,PMT1|PMT2,0.0,-0.873977419743304,0.5831182402034487,-0.7285478299733763,-0.8900077592819845,-0.4653219686976491,-0.2123428952921677,-0.8706851871578941,0.5887443569658747,-0.7297147720618844,-0.9136465869920516,-0.4828767896719798,-0.2153848986600359,-1.0212554563564364,-0.5358364978492022,-0.2427094792536171,-0.8688300543004948,-0.8459343283828196,-0.0114478629588375,-0.8747639037158254,-0.6640227912210621,-0.1053705562473816,-0.8593875280378164,-0.8743081709755315,0.0074603214688575
TLG2,SEC22,SEC22|TLG2,0.0,-0.2959819284924166,-0.6563167072067898,0.1801673893571865,-0.6993011605288801,-0.8225959566668715,0.0616473980689956,-0.3087671689532689,-0.6565325251065233,0.1738826780766272,-0.7058659880658932,-0.8250623249931688,0.0595981684636378,-1.6286720586844232,-1.317183399424488,-0.1557443296299675,-0.7098263522594306,-1.0663055718358132,0.1782396097881913,-0.6415115822175946,-1.0338246334956056,0.1961565256390054,-0.2481080273616746,-1.0106284733736048,0.3812602230059651
GOS1,SEC22,GOS1|SEC22,0.0,-0.9848051378674384,-0.5746298065765055,-0.2050876656454664,-0.9800671218687356,-0.6179744635023745,-0.1810463291831804,-1.0216349867993562,-0.5836139459344979,-0.2190105204324291,-1.0050237855171982,-0.6271522270302181,-0.18893577924349,-1.3580915146317607,-1.1181566930713362,-0.1199674107802122,-1.622797666464341,-0.9105164299362534,-0.356140618264044,-1.682947613045846,-0.8371439790014147,-0.4229018170222157,-1.5409032963613625,-0.7883606628168338,-0.3762713167722643
UFD2,HRD1,HRD1|UFD2,0.0,-0.5779073702183962,-1.0103836092787457,0.2162381195301746,-0.6664560079302897,-0.8908816145933581,0.1122128033315342,-0.613138381592609,-1.0108710280899225,0.1988663232486567,-0.6892396797752481,-0.8910382123048266,0.1008992662647892,-0.7264519502511937,-0.9821222991868503,0.1278351744678283,-0.7964289265141625,-0.9552422613992544,0.0794066674425459,-0.8197166058755891,-0.9598301761444392,0.070056785134425,-0.8102909529379403,-0.8933570857502225,0.0415330664061411
UBC7,HRD1,HRD1|UBC7,0.0,-0.104365828676262,-0.4558909379213814,0.1757625546225596,0.0411703926613189,-0.0423143314743688,0.0417423620678439,-0.1608468109098065,-0.4644227494214327,0.151787969255813,-0.0202982002711684,-0.0587111533762618,0.0192064765525466,-0.269686554208133,-0.3175642570121618,0.0239388514020144,-0.7332044120148781,-0.813306976537872,0.0400512822614969,-0.7885349198189456,-1.001393314271543,0.1064291972262986,-0.7229224863674041,-0.7820046039967965,0.0295410588146962
MNS1,ALG8,ALG8|MNS1,0.0,0.0001612081619712,-0.1044872138499338,0.0523242110059525,-0.6721846049824021,-0.6873868763139376,0.0076011356657677,-0.0014981734649955,-0.1057957478957511,0.0521487872153777,-0.9086911710329444,-0.8185751575773307,-0.0450580067278069,-0.7323878657129412,-1.1390853648771917,0.2033487495821252,-0.2632440839739473,-1.0776918869126266,0.4072239014693397,-0.1533781972771049,-1.0870157908182885,0.4668187967705918,-0.4209967357069971,-0.9918801990348148,0.2854417316639088
CWH41,ALG8,ALG8|CWH41,0.0,-0.298593510882608,-0.9396893600609686,0.3205479245891802,-0.7162128147085439,-1.0652304174795535,0.1745088013855047,-0.873184853141398,-1.0369910351671048,0.0819030910128533,-0.9925845451756468,-1.0373922313156343,0.0224038430699937,-0.701976367426904,-0.8621697743306629,0.0800967034518794,-1.0403223468691891,-1.048793861976249,0.0042357575535297,-1.0687740930934688,-1.0620191227097404,-0.0033774851918642,-0.7905151841441834,-0.9433409402959052,0.0764128780758608
ROT2,ALG8,ALG8|ROT2,0.0,-0.2955974042469387,-0.7193032565694361,0.2118529261612486,-0.8868013180374246,-0.8209229497524655,-0.0329391841424795,0.0402374761677963,-0.5276043073321826,0.2839208917499894,-0.8930472246552809,-0.8302522529254299,-0.0313974858649254,-0.930687823222897,-0.850407653692207,-0.0401400847653449,-0.8634064675516152,-0.8726955259790831,0.0046445292137339,-0.8744184564573849,-0.9294649076212184,0.0275232255819167,-0.8527543245534248,-0.8612541140524156,0.0042498947494953
OST5,ALG8,ALG8|OST5,0.0,0.4169973033539798,-1.0940335658772626,0.7555154346156212,-0.8268741067335088,-1.185483400338158,0.1793046468023246,0.4127050028103048,-1.1072931071190717,0.7599990549646881,-0.8429348685196338,-1.2092322515009135,0.1831486914906398,-0.7753227583164155,-1.2477372413702557,0.23620724152692,-1.0652238833995873,-1.3826083526631436,0.1586922346317781,-0.9843684613857804,-1.4329484231768843,0.224289980895552,-1.140146388146139,-1.369923896477587,0.114888754165724
ALG5,ALG8,ALG5|ALG8,0.0,-0.1809324887089625,-0.1322846916168913,-0.0243238985460356,-0.565735753825543,0.4071238072622483,-0.4864297805438956,-0.2033981369599085,-0.1313529195495081,-0.0360226087052002,-0.5393526578056278,0.419852036178326,-0.4796023469919769,-0.5472666669902176,0.4850893476434613,-0.5161780073168395,-0.7374457211683513,-0.0115419100436554,-0.3629519055623479,-0.6774903523331044,0.0084802196168435,-0.3429852859749739,-0.688016901432274,0.0118196396223227,-0.3499182705272983
ALG12,ALG8,ALG12|ALG8,0.0,0.0769419121979265,0.0049825479167954,0.0359796821405655,-0.1457482554924167,-0.2949352129006616,0.0745934787041224,0.1325757279717324,-0.2503217909178242,0.1914487594447783,-0.1769440558114495,-0.2999396678836307,0.0614978060360905,-0.2862750327755851,-0.3616914212775993,0.0377081942510071,-0.0897957437703011,-0.4465709400037619,0.1783875981167304,0.0196959954373135,-0.4118838056458094,0.2157899005415614,0.0299252432273106,-0.4155161906066607,0.2227207169169856
ALG9,ALG8,ALG8|ALG9,0.0,-0.1754603081813876,0.0932681574888497,-0.1343642328351186,-0.6080933891264814,0.1002452922051584,-0.3541693406658199,-0.3245368455608416,0.0997948842052734,-0.2121658648830575,-0.6330699067046632,0.1014427715824505,-0.3672563391435569,-0.7846258805388024,-0.0104805350654524,-0.387072672736675,-0.503058221491015,-0.305637340225845,-0.098710440632585,-0.3920498990576441,-0.2917374096483384,-0.0501562447046528,-0.4041996316814764,-0.2856763408059269,-0.0592616454377747
ALG6,ALG8,ALG6|ALG8,0.0,-0.5659544660368799,0.2159146025431907,-0.3909345342900353,-0.8678797051246534,-0.5924974825807678,-0.1376911112719427,-0.7321217597972316,0.0498506062163603,-0.3909861830067959,-0.9825876436321994,-0.773770557845253,-0.1044085428934732,-0.6815850219341384,-0.4424098738567107,-0.1195875740387138,-0.534934298683373,-0.0035309401885385,-0.2657016792474173,-0.6002456827488475,-0.1881585193666586,-0.2060435816910944,-0.589404559455814,-0.0399115204428597,-0.2747465195064771
ALG3,ALG8,ALG3|ALG8,0.0,-0.5733835307331286,0.1350085736467948,-0.3541960521899617,-0.7851805202725007,0.1497790364824837,-0.4674797783774922,-0.6810964264420261,-0.6420804606909113,-0.0195079828755573,-0.7464280687774902,0.1660263924089551,-0.4562272305932227,-0.9898685906031484,0.5265270787047247,-0.7581978346539365,-1.0940038017110534,0.3884151237935349,-0.7412094627522942,-1.1354346855395856,0.3708925343141785,-0.753163609926882,-0.983240147452785,0.2122774031426952,-0.5977587752977401
OST3,ALG8,ALG8|OST3,0.0,-0.236758172051255,-0.8080431445834161,0.2856424862660805,-0.7170166062611069,-0.7246278581480567,0.0038056259434749,-0.2216105817240018,-0.8336099731758548,0.3059996957259265,-0.436141763001265,-0.38358487433157,-0.0262784443348474,-0.3720333542989333,-0.7846044155621563,0.2062855306316115,-0.6262145549818275,-0.3773758908339492,-0.1244193320739391,-0.4448916502631959,-0.5958440407329554,0.0754761952348797,-0.8408493326953421,-0.3731613915578348,-0.2338439705687536
MNS1,ALG12,ALG12|MNS1,0.0,0.0033428138372901,-0.0982253307036512,0.0507840722704707,0.0105308545699601,-0.0804521943525145,0.0454915244612373,0.0020387821114899,-0.0992538742838314,0.0506463281976606,0.0094411940014573,-0.0813028305306364,0.0453720122660469,-0.7793911608285646,-1.0119131616021284,0.1162610003867818,-1.0213172512327442,-1.1159161394888928,0.0472994441280743,-0.9661245687425304,-1.1889810449940998,0.1114282381257847,-1.1634926555893716,-0.9923989174346004,-0.0855468690773855
CWH41,ALG12,ALG12|CWH41,0.0,-0.4922007007515346,-0.9151661174631448,0.2114827083558051,-0.9002792400469544,-0.9701912967955576,0.0349560283743016,-0.7963373047763851,-1.079014986073519,0.1413388406485669,-0.9418014605044576,-0.9719639821192368,0.0150812608073895,-0.8841854698255434,-0.9161495214620028,0.0159820258182297,-1.0003218157641314,-0.8494209397222583,-0.0754504380209365,-1.034771911768246,-0.826621937341352,-0.1040749872134469,-0.981890562876469,-0.8652999384657333,-0.0582953122053678
ROT2,ALG12,ALG12|ROT2,0.0,0.0812117913083665,-0.1534601938097617,0.1173359925590641,-0.2019907434751397,-1.2649535417055262,0.5314813991151932,0.0775310114024154,-0.156392767399916,0.1169618894011657,-0.7637533559847578,-1.566796827506584,0.4015217357609131,-0.7914391346357735,-1.5536176378768234,0.3810892516205249,-0.3759968701758153,-1.297259218879358,0.4606311743517713,-0.3935958726004617,-1.3189160746046809,0.4626601010021095,-0.3550182325054249,-1.3060283138877828,0.4755050406911789
OST5,ALG12,ALG12|OST5,0.0,0.292517640256457,-0.9722329715553376,0.6323753059058973,0.2562453918587562,-0.9983599088437044,0.6273026503512302,0.2945731954071926,-0.9733731544021909,0.6339731749046917,0.2608079475046839,-0.992165255024301,0.6264866012644924,0.2714126071041901,-0.9583691610799784,0.6148908840920841,0.420554530170394,-0.212766872904768,0.316660701537581,0.1194133196602812,0.1585121289097548,-0.0195494046247367,0.4305945876639104,-0.0886333078548404,0.2596139477593754
DIE2,ALG12,ALG12|DIE2,0.0,-0.4531515549639429,-0.88290700163376,0.2148777233349085,-0.272618104500182,-0.8251849878259565,0.2762834416628872,-0.8103743869479085,-1.0121262482540616,0.1008759306530765,-0.2581433433736403,-0.8492632605371248,0.2955599585817422,-0.165909178285701,-0.8135568430800555,0.3238238323971772,-0.2763502969381136,-1.0093666788338267,0.3665081909478566,-0.375997487943197,-0.9221966228197545,0.2730995674382787,-0.4824301178391621,-1.1823451016124658,0.3499574918866518
ALG5,ALG12,ALG12|ALG5,0.0,-0.0979192182966693,-0.424928893293252,0.1635048374982913,-0.2005301301490055,-0.3351322126583101,0.0673010412546523,-0.1148081566058075,-0.4236622563901048,0.1544270498921486,-0.4732060866560875,-0.1100281145649284,-0.1815889860455795,-0.196111077668887,0.2050096511586908,-0.2005603644137889,-0.1730999240321836,0.4534016686215698,-0.3132507963268767,-0.1650622663807283,0.4550277417514816,-0.3100450040661049,-0.2171238614554565,0.3406531684879054,-0.278888514971681
ALG8,ALG12,ALG12|ALG8,0.0,0.0049825479167954,0.0769419121979265,-0.0359796821405655,-0.2949352129006616,-0.1457482554924167,-0.0745934787041224,-0.2503217909178242,0.1325757279717324,-0.1914487594447783,-0.2999396678836307,-0.1769440558114495,-0.0614978060360905,-0.3616914212775993,-0.2862750327755851,-0.0377081942510071,-0.4465709400037619,-0.0897957437703011,-0.1783875981167304,-0.4118838056458094,0.0196959954373135,-0.2157899005415614,-0.4155161906066607,0.0299252432273106,-0.2227207169169856
ALG9,ALG12,ALG12|ALG9,0.0,0.0098707811447169,0.0323005043798285,-0.0112148616175557,0.0031783548977307,0.0255011308587903,-0.0111613879805297,0.524970231117767,0.5742878080971878,-0.0246587884897104,-0.0027782697608049,0.0198839501321233,-0.0113311099464641,0.2906260883265898,0.5407147075979472,-0.1250443096356786,0.2301871494891241,0.3906772186225359,-0.0802450345667059,0.273093707895665,0.3696716975849462,-0.0482889948446406,0.3587225332843942,0.5026561664779559,-0.0719668165967808
ALG6,ALG12,ALG12|ALG6,0.0,-0.3639676066947418,0.1292900920211887,-0.2466288493579652,-0.0046998028717361,-0.9736744824740924,0.4844873398011781,-0.1954432926354732,-0.2123707639241693,0.008463735644348,-0.0027950450477042,-0.937274277672648,0.4672396163124718,0.0813696782516493,-0.8458704721793275,0.4636200752154884,-0.0015807003121748,-0.7019809829026593,0.3502001412952422,0.0565404647635701,-0.6178043580768104,0.3371724114201903,-0.0276093450687352,-0.6568329708936088,0.3146118129124368
ALG3,ALG12,ALG12|ALG3,0.0,-0.7218079113295011,0.4023158107547663,-0.5620618610421337,-0.7608257169075527,1.1554670075869204,-0.9581463622472366,-0.634140389570853,0.4397015785203548,-0.5369209840456038,-0.7281768999478284,1.1623451507880451,-0.9452610253679368,-1.0770790951424063,1.4578722963671598,-1.2674756957547832,-1.3305381030568806,1.4850597205829137,-1.407798911819897,-1.3931746644163494,1.526677258696686,-1.4599259615565177,-1.1429471062401182,1.2254164271022243,-1.1841817666711714
OST3,ALG12,ALG12|OST3,0.0,-0.0903735679353913,0.0441270504304114,-0.0672503091829014,-0.9314810278067563,-0.1568887274005874,-0.3872961502030845,-0.1534032700782598,-0.5624764516790751,0.2045365908004076,-0.9250714888927152,-0.2469339510477652,-0.3390687689224749,-0.5182617109764346,-0.1156784963013363,-0.2012916073375491,-0.6723073846694687,-0.2771763590812744,-0.1975655127940971,-0.4607672918080571,-0.4773827953468256,0.0083077517693842,-0.9086236840807074,-0.2916734108725465,-0.3084751366040804
MNS1,ALG9,ALG9|MNS1,0.0,-1.4620132658265912,-1.3803449086449484,-0.0408341785908213,-1.4754848268509102,-1.4004390132528317,-0.0375229067990392,-0.823956068202435,-1.007847559832294,0.0919457458149294,-1.4987851194142705,-1.4088758714664706,-0.0449546239738999,-1.303723752577444,-1.6103403950778876,0.1533083212502217,-0.9323731782388364,-1.202636293097912,0.1351315574295378,-0.888676361302979,-1.3159405986207235,0.2136321186588722,-1.1211646025398818,-1.1387378545595404,0.0087866260098292
CWH41,ALG9,ALG9|CWH41,0.0,-0.704506630880766,-0.3539203589764843,-0.1752931359521408,-0.8746613469476016,-0.5346947916654289,-0.1699832776410863,-0.7045328781545968,-0.3601913969822884,-0.1721707405861541,-0.8676022058143381,-0.5374623204185697,-0.1650699426978842,-1.0316112075949946,-0.7129625569360667,-0.1593243253294639,-1.2460692761101415,-1.076366053099681,-0.0848516115052302,-1.2429256706181615,-1.052527960277096,-0.0951988551705328,-1.115645449968811,-1.0565740044517982,-0.0295357227585065
ROT2,ALG9,ALG9|ROT2,0.0,-0.404478535499116,-0.8429795639418944,0.2192505142213892,-0.394877906406915,-0.8288139857617733,0.2169680396774291,-0.4348814167096973,-0.8543555706107071,0.2097370769505049,-0.407116268634745,-0.842784594280933,0.217834162823094,-0.487532020234758,-0.9027726625075556,0.2076203211363988,-0.5638729412884821,-1.1536057030734264,0.2948663808924721,-0.5935521735037864,-1.1701644305159562,0.2883061285060849,-0.5544816011584808,-1.1556752438334723,0.3005968213374957
OST5,ALG9,ALG9|OST5,0.0,0.347299187989586,-1.36364353180256,0.855471359896073,0.4306485095756481,-1.098433458848005,0.7645409842118265,0.3355028226119012,-1.3516818924168643,0.8435923575143829,0.2546184015509429,-1.3440351507302777,0.7993267761406102,0.2617514244767482,-1.290659877803127,0.7762056511399377,-0.9195576948106656,0.5921271265162424,-0.755842410663454,-0.8603180392327797,0.4554242836564435,-0.6578711614446117,-0.9303769846440876,0.6959097517955025,-0.813143368219795
ALG5,ALG9,ALG5|ALG9,0.0,0.1905018749798112,-0.7582701943982681,0.4743860346890397,0.442353725392589,-0.5799583083053615,0.5111560168489753,0.1692024566414976,-0.766277508250902,0.4677399824461998,0.4390886652275886,-0.5684172005173863,0.5037529328724875,0.3178675671057314,-0.5283641320019591,0.4231158495538453,0.1005849283768504,-0.3990027263373985,0.2497938273571244,0.1040861480260668,-0.4117423555451689,0.2579142517856179,-0.5598739983157669,-0.3292889081910077,-0.1152925450623795
ALG3,ALG9,ALG3|ALG9,0.0,-0.1089010895012074,0.0846851417264258,-0.0967931156138166,-0.7836828248171104,1.4930076196056763,-1.1383452222113934,-0.1150495385193818,0.0808776205568045,-0.0979635795380931,-0.8769615519398573,1.390802902092167,-1.133882227016012,-1.3802106096807152,1.2882748974187386,-1.3342427535497268,-1.1399686532760869,0.8974364431139208,-1.0187025481950038,-1.15905107080457,0.9075236884355196,-1.0332873796200448,-0.9858192976536788,1.1438607027052603,-1.0648400001794696
OST3,ALG9,ALG9|OST3,0.0,-0.1847350495658113,-0.494657025813861,0.1549609881240248,-0.9333304595799544,-0.1176378398938996,-0.4078463098430274,-0.1661653678361894,-0.524500539547104,0.1791675858554572,-0.7170744677436679,-0.4239843247357642,-0.1465450715039518,-0.3747774156410137,-0.4920987875829428,0.0586606859709645,-0.9021983395974058,-0.1611606057873318,-0.370518866905037,-0.8017390191773526,-0.2818200621103416,-0.2599594785335054,-1.1078426445862577,-0.1425765798604625,-0.4826330323628975
MNS1,ALG6,ALG6|MNS1,0.0,0.0122204378777375,-0.1441035166641512,0.0781619772709443,-0.5561082877278024,-0.8358641933351724,0.1398779528036849,0.010594544970696,-0.1453775269970353,0.0779860359838657,-0.6454149168805984,-0.894359538109391,0.1244723106143962,-0.2802250102745513,-1.3903140096774589,0.5550444997014536,0.0594606476005517,-1.0852365528952497,0.5723486002479006,0.1661848244094643,-1.1262897969678387,0.6462373106886515,-0.21094177045911,-0.9076269753273404,0.3483426024341151
CWH41,ALG6,ALG6|CWH41,0.0,-0.3992750360645056,-0.8639895927897117,0.232357278362603,-0.8810780061232846,-0.845234348194209,-0.0179218289645378,-0.4096318482551246,-0.8545042375717464,0.2224361946583109,-0.8717332338334272,-0.8324664859069056,-0.0196333739632607,-0.8493748085591426,-0.8189829915456819,-0.0151959085067303,-0.973195356927832,-0.992632028111342,0.009718335591755,-0.9960488136691862,-1.0089601856977477,0.0064556860142806,-0.9837880947649108,-0.9910104393294024,0.0036111722822457
ROT2,ALG6,ALG6|ROT2,0.0,-0.4694492443282319,-0.9053064017516306,0.2179285787116993,-1.2349909484556196,-0.8033675949963079,-0.2158116767296558,-0.4750969301940691,-0.8915612889404715,0.2082321793732011,-1.2143537539174023,-0.8041695564345902,-0.2050920987414061,-1.1789696823670484,-0.8321569496529109,-0.1734063663570687,-0.9399051306328025,-0.9883352023441706,0.0242150358556841,-0.899664667842949,-1.019440201734256,0.0598877669456534,-0.947612440525752,-0.9712250670361808,0.0118063132552143
OST5,ALG6,ALG6|OST5,0.0,-0.0173264444424785,-1.19860372883518,0.5906386421963508,-0.7088834699362501,-1.1253627566836908,0.2082396433737203,-0.0210129364382716,-1.1976287719087175,0.5883079177352231,-0.7139444989412617,-1.128397931782813,0.2072267164207756,-0.7128482418890583,-1.1925248453423345,0.2398383017266381,-0.7090546945903162,-1.4388524401914609,0.3648988728005723,-0.673058391892185,-1.5507356671255617,0.4388386376166883,-0.7257593896098746,-1.4135254147945011,0.3438830125923132
ALG5,ALG6,ALG5|ALG6,0.0,-0.457359548151165,-1.1012309862875052,0.3219357190681701,-1.347799961908996,-0.8745513986909543,-0.2366242816090208,-0.4690357736647122,-1.0849161204009747,0.3079401733681313,-1.286548080488456,-0.8638614566711517,-0.2113433119086522,-1.1636216372049473,-0.5019489062539453,-0.330836365475501,-0.8792452899179122,-0.3342381206673581,-0.272503584625277,-0.6938945643927165,-0.3398103392720965,-0.17704211256031,-0.9334486121950416,-0.525691803688684,-0.2038784042531788
ALG12,ALG6,ALG12|ALG6,0.0,0.1292900920211887,-0.3639676066947418,0.2466288493579652,-0.9736744824740924,-0.0046998028717361,-0.4844873398011781,-0.2123707639241693,-0.1954432926354732,-0.008463735644348,-0.937274277672648,-0.0027950450477042,-0.4672396163124718,-0.8458704721793275,0.0813696782516493,-0.4636200752154884,-0.7019809829026593,-0.0015807003121748,-0.3502001412952422,-0.6178043580768104,0.0565404647635701,-0.3371724114201903,-0.6568329708936088,-0.0276093450687352,-0.3146118129124368
ALG9,ALG6,ALG6|ALG9,0.0,-0.3995102110967761,-0.1983863377026824,-0.1005619366970468,-1.250757793748138,-0.0189950480488641,-0.615881372849637,-0.4165786346768837,-0.1915304599099886,-0.1125240873834475,-1.1920052509875854,-0.0073148137005148,-0.5923452186435353,-1.1439721772006213,0.0307572019584016,-0.5873646895795115,-0.7531763201319288,-0.3755776473144348,-0.188799336408747,-0.6872807653966309,-0.3217564075290366,-0.1827621789337971,-0.727662336530244,-0.3624835515867429,-0.1825893924717505
ALG3,ALG6,ALG3|ALG6,0.0,-0.343431365061818,0.3096108295178872,-0.3265210972898526,-1.0629422811332192,0.8867782398188929,-0.974860260476056,-1.711396626271691,0.3223747866592116,-1.0168857064654513,-1.8815058274446528,0.7822071697262735,-1.3318564985854635,-2.1186510457135608,0.9066542741165738,-1.5126526599150674,-1.6307613592181305,0.9070157317818064,-1.2688885454999683,-1.595092941985263,0.7765770314153503,-1.1858349867003066,-1.6311635270937936,0.7656082430940948,-1.1983858850939442
OST3,ALG6,ALG6|OST3,0.0,-0.3174035181941131,-0.3792674544097747,0.0309319681078307,-1.0204945313281513,-0.6667762532630374,-0.1768591390325569,-0.3060688869462319,-0.4183774668967116,0.0561542899752398,-1.026126116435709,-0.7356020141543694,-0.1452620511406697,-0.6273720234976825,-0.7272236302945828,0.0499258033984501,-0.9755173300855982,-0.4511270542810776,-0.2621951379022602,-0.7873293553122669,-0.5652596563333188,-0.111034849489474,-1.2205087599387263,-0.4609915901023043,-0.379758584918211
MNS1,ALG3,ALG3|MNS1,0.0,0.047729822134267,-0.1235233585679956,0.0856265903511313,-1.9310612614009632,-1.6332649261615928,-0.1488981676196852,0.0462186341773663,-0.124991347639404,0.0856049909083851,-1.9327659629548608,-1.6207044196862237,-0.156030771634319,-1.8446538848313363,-1.3935923306185067,-0.2255307771064147,-0.7730090456527585,-1.6002118486647214,0.4136014015059814,-0.8147130966616238,-1.532636042213934,0.3589614727761551,-0.7847299776921063,-1.672010449747493,0.4436402360276933
CWH41,ALG3,ALG3|CWH41,0.0,-1.968376763582094,-1.049076818739797,-0.4596499724211486,-1.391991173682199,-1.1681306300697445,-0.1119302718062273,-1.8887550313012709,-0.9801241315027008,-0.454315449899285,-1.3301079336530464,-1.1053879418648878,-0.1123599958940793,-1.3243248300902335,-1.0757050634349403,-0.1243098833276465,-1.0595540610993577,-1.2477699880340989,0.0941079634673704,-1.1437331702054627,-1.1492944037529813,0.0027806167737592,-1.0579900194772611,-1.3359446129753398,0.1389772967490392
ROT2,ALG3,ALG3|ROT2,0.0,0.0966730313715107,-0.9219363408244178,0.5093046860979642,-0.5664520026212796,-0.8722964043723981,0.1529222008755592,-1.6395079630277607,-0.9578788208927584,-0.3408145710675011,-0.5426413604420166,-0.8446186544705222,0.1509886470142528,-0.3955983350779964,-0.7823074887610875,0.1933545768415455,-0.2638777647866215,-0.9807747126504098,0.3584484739318941,-0.3290798100640439,-0.93625246511934,0.303586327527648,-0.2691449174418527,-1.0537892638819228,0.392322173220035
OST5,ALG3,ALG3|OST5,0.0,0.1283683430455524,-0.119892938987022,0.1241306410162872,-2.138696631978436,-0.0216273175290639,-1.058534657224686,0.4235243531132132,-0.5467839252882066,0.4851541392007099,-2.179216996810224,-0.1876261203946786,-0.9957954382077728,-1.542250677214405,-0.1052535667392564,-0.7184985552375741,-1.2509811306314649,-1.3853563012981025,0.0671875853333188,-1.4972574987286,-1.337642942773666,-0.079807277977467,-1.4556958041030204,-1.3948406306584482,-0.030427586722286
DIE2,ALG3,ALG3|DIE2,0.0,-2.050909803683673,-0.2471664833905138,-0.9018716601465796,-1.529241431865304,-0.7240346763725724,-0.4026033777463658,-2.06404430558586,-0.2931130236813755,-0.8854656409522419,-1.7670351340528705,-0.3151940518538905,-0.7259205410994899,-1.584227158602911,-0.4215819853802989,-0.5813225866113061,0.0009300989776274,-1.5240374524121143,0.7624837756948709,-0.6644893225172409,-1.2221681797096724,0.2788394285962157,-0.2128933856569169,-1.4141350417902057,0.6006208280666444
ALG5,ALG3,ALG3|ALG5,0.0,0.1255723664884297,-0.1566994049671955,0.1411358857278126,1.0932522417712374,-1.4712735402479449,1.282262891009591,0.2891271286563032,-0.5514547908232238,0.4202909597397635,1.1241988853540457,-1.4087873084254392,1.2664930968897423,1.3187243690290589,-1.4914105283362442,1.405067448682651,1.7494260286503664,-1.572884663622898,1.6611553461366322,1.6855154843200482,-1.6806602719877446,1.6830878781538965,1.6579766350557552,-1.4109630890056053,1.5344698620306805
ALG8,ALG3,ALG3|ALG8,0.0,0.1350085736467948,-0.5733835307331286,0.3541960521899617,0.1497790364824837,-0.7851805202725007,0.4674797783774922,-0.6420804606909113,-0.6810964264420261,0.0195079828755573,0.1660263924089551,-0.7464280687774902,0.4562272305932227,0.5265270787047247,-0.9898685906031484,0.7581978346539365,0.3884151237935349,-1.0940038017110534,0.7412094627522942,0.3708925343141785,-1.1354346855395856,0.753163609926882,0.2122774031426952,-0.983240147452785,0.5977587752977401
ALG6,ALG3,ALG3|ALG6,0.0,0.3096108295178872,-0.343431365061818,0.3265210972898526,0.8867782398188929,-1.0629422811332192,0.974860260476056,0.3223747866592116,-1.711396626271691,1.0168857064654513,0.7822071697262735,-1.8815058274446528,1.3318564985854635,0.9066542741165738,-2.1186510457135608,1.5126526599150674,0.9070157317818064,-1.6307613592181305,1.2688885454999683,0.7765770314153503,-1.595092941985263,1.1858349867003066,0.7656082430940948,-1.6311635270937936,1.1983858850939442
OST3,ALG3,ALG3|OST3,0.0,1.040868458515374,-2.99578219213015,2.018325325322762,0.666064444354966,-2.482141113636054,1.57410277899551,1.081122568776394,-2.65082526794356,1.865973918359977,0.7405977716178122,-2.3136430168011506,1.527120394209481,0.9759870629052204,-2.4159837011581167,1.6959853820316686,-0.5643625607064185,-0.7865744556282706,0.111105947460926,0.1630180963736472,-1.8825424214097,1.0227802588916737,-0.9044084819273638,-0.7302606241466825,-0.0870739288903406
PMT1,PMT2,PMT1|PMT2,0.0,0.5831182402034558,-0.8739774197432991,0.7285478299733774,-0.4653219686976491,-0.8900077592819952,0.212342895292173,0.588744356965896,-0.8706851871579033,0.7297147720618997,-0.4828767896719798,-0.9136465869920432,0.2153848986600317,-0.535836497849259,-1.0212554563564518,0.2427094792535963,-0.8459343283828427,-0.8688300543004923,0.0114478629588248,-0.6640227912210337,-0.8747639037158265,0.1053705562473963,-0.874308170975567,-0.8593875280378149,-0.007460321468876
MNS1,OST3,MNS1|OST3,0.0,-0.0403327130403298,-0.0398610503932492,-0.0002358313235403,-0.3492739183721017,-0.6852838205675921,0.1680049510977451,-0.0414623954678944,-0.0404463738295347,-0.0005080108191798,-0.2509351156500363,-1.21112469162379,0.4800947879868767,-0.247239318854347,-0.9759878141729836,0.3643742476593183,-0.1420993804062418,-1.055167560074342,0.4565340898340501,-0.0998208526638104,-1.170963358278706,0.5355712528074478,-0.1249001048669594,-1.1233700636336097,0.499234979383325
CWH41,OST3,CWH41|OST3,0.0,-0.4497044389763767,-0.5333798527141907,0.041837706868907,-0.5808291125537145,-0.5065797763400038,-0.0371246681068553,-1.0586466146655276,-0.4812475861259995,-0.288699514269764,-1.1735221304739318,-0.6583843013911573,-0.2575689145413872,-1.1175885085024668,-0.4864561516808875,-0.3155661784107896,-1.4098763656022186,-0.908794870948194,-0.2505407473270122,-1.3208106499810073,-0.9452015413628654,-0.1878045543090709,-1.4111511631808231,-0.9865223047432308,-0.2123144292187962
ROT2,OST3,OST3|ROT2,0.0,-0.6658810020485632,-0.5273270237362943,-0.0692769891561344,-1.2192253227991166,-0.7615749642237575,-0.2288251792876795,-0.6931507205604461,-0.5102232252420397,-0.0914637476592032,-1.2044021895592325,-0.751121996593175,-0.2266400964830286,-1.1851112889693194,-0.5005925322891553,-0.342259378340082,-1.349815183758169,-0.9184993262388164,-0.2156579287596762,-1.337956253175539,-0.91077757273761,-0.2135893402189643,-1.3301481005934022,-1.0156664816897458,-0.1572408094518281
DIE2,OST3,DIE2|OST3,0.0,-0.7534899492247426,-1.4905347952218695,0.3685224229985636,-0.7633935624642483,-1.5202615580597958,0.3784339977977737,-0.7857110148384435,-1.561445108814851,0.3878670469882038,-0.2850449855589207,-1.7085515230577129,0.711753268749396,-0.0778848689025038,-1.7351033972762515,0.828609264186874,-0.4712797842917941,-1.0906733161718452,0.3096967659400255,-0.5540441366245793,-1.0570201198640556,0.2514879916197381,-0.499981400806078,-1.1018453689298997,0.3009319840619108
ALG5,OST3,ALG5|OST3,0.0,-0.5264152502796514,-0.865416299478963,0.1695005245996558,-0.1176199360324782,-1.4092670108767582,0.6458235374221399,-0.5595695332324963,-0.8442363800952073,0.1423334234313555,-0.2040624067984022,-1.3995989436288658,0.5977682684152318,-0.0550867836367544,-1.0095579319647303,0.477235574163988,-0.165669716518117,-0.8143196327165201,0.3243249580992015,-0.3497581710931235,-0.7152731508070326,0.1827574898569545,-0.1123361237118932,-0.9805444759228776,0.4341041761054923
ALG8,OST3,ALG8|OST3,0.0,-0.8080431445834161,-0.236758172051255,-0.2856424862660805,-0.7246278581480567,-0.7170166062611069,-0.0038056259434749,-0.8336099731758548,-0.2216105817240018,-0.3059996957259265,-0.38358487433157,-0.436141763001265,0.0262784443348474,-0.7846044155621563,-0.3720333542989333,-0.2062855306316115,-0.3773758908339492,-0.6262145549818275,0.1244193320739391,-0.5958440407329554,-0.4448916502631959,-0.0754761952348797,-0.3731613915578348,-0.8408493326953421,0.2338439705687536
ALG12,OST3,ALG12|OST3,0.0,0.0441270504304114,-0.0903735679353913,0.0672503091829014,-0.1568887274005874,-0.9314810278067563,0.3872961502030845,-0.5624764516790751,-0.1534032700782598,-0.2045365908004076,-0.2469339510477652,-0.9250714888927152,0.3390687689224749,-0.1156784963013363,-0.5182617109764346,0.2012916073375491,-0.2771763590812744,-0.6723073846694687,0.1975655127940971,-0.4773827953468256,-0.4607672918080571,-0.0083077517693842,-0.2916734108725465,-0.9086236840807074,0.3084751366040804
ALG9,OST3,ALG9|OST3,0.0,-0.494657025813861,-0.1847350495658113,-0.1549609881240248,-0.1176378398938996,-0.9333304595799544,0.4078463098430274,-0.524500539547104,-0.1661653678361894,-0.1791675858554572,-0.4239843247357642,-0.7170744677436679,0.1465450715039518,-0.4920987875829428,-0.3747774156410137,-0.0586606859709645,-0.1611606057873318,-0.9021983395974058,0.370518866905037,-0.2818200621103416,-0.8017390191773526,0.2599594785335054,-0.1425765798604625,-1.1078426445862577,0.4826330323628975
ALG6,OST3,ALG6|OST3,0.0,-0.3792674544097747,-0.3174035181941131,-0.0309319681078307,-0.6667762532630374,-1.0204945313281513,0.1768591390325569,-0.4183774668967116,-0.3060688869462319,-0.0561542899752398,-0.7356020141543694,-1.026126116435709,0.1452620511406697,-0.7272236302945828,-0.6273720234976825,-0.0499258033984501,-0.4511270542810776,-0.9755173300855982,0.2621951379022602,-0.5652596563333188,-0.7873293553122669,0.111034849489474,-0.4609915901023043,-1.2205087599387263,0.379758584918211
ALG3,OST3,ALG3|OST3,0.0,-2.99578219213015,1.040868458515374,-2.018325325322762,-2.482141113636054,0.666064444354966,-1.57410277899551,-2.65082526794356,1.081122568776394,-1.865973918359977,-2.3136430168011506,0.7405977716178122,-1.527120394209481,-2.4159837011581167,0.9759870629052204,-1.6959853820316686,-0.7865744556282706,-0.5643625607064185,-0.111105947460926,-1.8825424214097,0.1630180963736472,-1.0227802588916737,-0.7302606241466825,-0.9044084819273638,0.0870739288903406
MNN2,ANP1,ANP1|MNN2,0.0,0.2059616647397244,0.188419223223217,0.0087712207582537,-0.308710041855571,-0.2972609834408707,-0.0057245292073501,0.5136003196403248,0.4945979788620548,0.009501170389135,0.1922076269520572,0.2158037981874408,-0.0117980856176918,-0.0210702121495523,0.0137488218646721,-0.0174095170071122,-0.0561287975082154,-0.0247083782328265,-0.0157102096376944,-0.0881974962425845,-0.0594737731364892,-0.0143618615530476,-0.1320151187258153,-0.1061631032074156,-0.0129260077591998
