scenario,seed,level,family,errors,error_rate,n,correct,accuracy,auroc,average_precision,squared_loss,certification_M,risk_upper,additive_error_lower,classification_certified,B1_integer_rule,auc_lower,auc_correction,auc_certified
B1,17,ideal,joint,246,0.06005859375,4096,3850,0.93994140625,0.9859950182149645,0.9866746851216549,0.22078335746155037,30.0,0.08947776938413697,0.14092571541269328,True,True,0.9271550887156311,0.058839929499333345,False
B1,17,ideal,A_match,1298,0.31689453125,4096,2798,0.68310546875,0.7139510247661048,0.6990353763802182,0.9969504677247126,,,,,,,,
B1,17,ideal,A_rbf,1298,0.31689453125,4096,2798,0.68310546875,0.7141980396649658,0.6992439084667444,0.9882809157417424,,,,,,,,
B1,17,ideal,full_P_RBF,1298,0.31689453125,4096,2798,0.68310546875,0.7141980396649658,0.6992439084667444,0.9882809157417424,,,,,,,,
B1,17,noise1,joint,262,0.06396484375,4096,3834,0.93603515625,0.9862335930846574,0.9868849681723069,0.22385630361140726,30.0,0.09338401938413697,0.14092571541269328,True,True,0.9273949893079481,0.05883860377670933,False
B1,17,noise1,A_match,1358,0.33154296875,4096,2738,0.66845703125,0.6910094920019417,0.6415631059727434,0.9527656335981425,,,,,,,,
B1,17,noise1,A_rbf,1274,0.31103515625,4096,2822,0.68896484375,0.7056051258527113,0.6572277302747764,0.9251414064939198,,,,,,,,
B1,17,noise1,full_P_RBF,1274,0.31103515625,4096,2822,0.68896484375,0.7056051258527113,0.6572277302747764,0.9251414064939198,,,,,,,,
B1,17,noise2,joint,265,0.064697265625,4096,3831,0.935302734375,0.9866481174181734,0.9871862914650911,0.2224644367447532,30.0,0.09411644125913697,0.14092571541269328,True,True,0.9278093172437667,0.05883880017440667,False
B1,17,noise2,A_match,1259,0.307373046875,4096,2837,0.692626953125,0.7206816968032349,0.7053993208305562,0.9951894616627537,,,,,,,,
B1,17,noise2,A_rbf,1259,0.307373046875,4096,2837,0.692626953125,0.7210519665064469,0.7056550929277299,0.9906055515415786,,,,,,,,
B1,17,noise2,full_P_RBF,1259,0.307373046875,4096,2837,0.692626953125,0.7210519665064469,0.7056550929277299,0.9906055515415786,,,,,,,,
B1,29,ideal,joint,264,0.064453125,4096,3832,0.935546875,0.9882133148608794,0.9890665113972555,0.20590187369145044,30.0,0.09387230063413697,0.14092571541269328,True,True,0.9293601161853913,0.0588531986754881,False
B1,29,ideal,A_match,1285,0.313720703125,4096,2811,0.686279296875,0.7316718620443549,0.7214932884447681,0.9949689269196029,,,,,,,,
B1,29,ideal,A_rbf,1285,0.313720703125,4096,2811,0.686279296875,0.732923475760152,0.7239367087875733,0.9901948631990312,,,,,,,,
B1,29,ideal,full_P_RBF,1285,0.313720703125,4096,2811,0.686279296875,0.732923475760152,0.7239367087875733,0.9901948631990312,,,,,,,,
B1,29,noise1,joint,261,0.063720703125,4096,3835,0.936279296875,0.9879013282551318,0.9888805148302793,0.2173078483108859,30.0,0.09313987875913697,0.14092571541269328,True,True,0.9290359963239558,0.058865331931175886,False
B1,29,noise1,A_match,1321,0.322509765625,4096,2775,0.677490234375,0.6958128701860893,0.6619569737773081,0.9952306992547658,,,,,,,,
B1,29,noise1,A_rbf,1321,0.322509765625,4096,2775,0.677490234375,0.696570066293438,0.662872617327825,0.9937107074271653,,,,,,,,
B1,29,noise1,full_P_RBF,1321,0.322509765625,4096,2775,0.677490234375,0.6977458321998062,0.6643098898871947,0.9907633530404873,,,,,,,,
B1,29,noise2,joint,241,0.058837890625,4096,3855,0.941162109375,0.9847695122218757,0.9853624746741675,0.22656559871922813,30.0,0.08825706625913697,0.14092571541269328,True,True,0.9259264188636148,0.05884309335826089,False
B1,29,noise2,A_match,1316,0.3212890625,4096,2780,0.6787109375,0.7193725814497614,0.7167065645772506,0.8591401366215835,,,,,,,,
B1,29,noise2,A_rbf,1315,0.321044921875,4096,2781,0.678955078125,0.7291035351728861,0.72730042528325,0.8428453291134308,,,,,,,,
B1,29,noise2,full_P_RBF,1315,0.321044921875,4096,2781,0.678955078125,0.7291035351728861,0.72730042528325,0.8428453291134308,,,,,,,,
B1,43,ideal,joint,232,0.056640625,4096,3864,0.943359375,0.9887622072175174,0.9888725636828801,0.21650461053585507,30.0,0.08605980063413697,0.14092571541269328,True,True,0.9299234070431107,0.05883880017440667,False
B1,43,ideal,A_match,1222,0.29833984375,4096,2874,0.70166015625,0.7319969768062867,0.6735082308717968,0.9484034076136438,,,,,,,,
B1,43,ideal,A_rbf,1258,0.30712890625,4096,2838,0.69287109375,0.7080755989166094,0.6510219201155343,0.9868348200086612,,,,,,,,
B1,43,ideal,full_P_RBF,1258,0.30712890625,4096,2838,0.69287109375,0.7080755989166094,0.6510219201155343,0.9868348200086612,,,,,,,,
B1,43,noise1,joint,270,0.06591796875,4096,3826,0.93408203125,0.9880054067531922,0.9876530140537789,0.21076966620594798,30.0,0.09533714438413697,0.14092571541269328,True,True,0.9291442534972781,0.05886115325591403,False
B1,43,noise1,A_match,1281,0.312744140625,4096,2815,0.687255859375,0.6960736616436674,0.6386595400967708,0.9498850766569478,,,,,,,,
B1,43,noise1,A_rbf,1281,0.312744140625,4096,2815,0.687255859375,0.6960736616436674,0.6386595400967708,0.9498850766569478,,,,,,,,
B1,43,noise1,full_P_RBF,1252,0.3056640625,4096,2844,0.6943359375,0.7132268605398879,0.6527910599234403,0.9213898838041776,,,,,,,,
B1,43,noise2,joint,246,0.06005859375,4096,3850,0.93994140625,0.9877999408701623,0.9885970812288607,0.2247230227341361,30.0,0.08947776938413697,0.14092571541269328,True,True,0.9289605795486406,0.05883936132152173,False
B1,43,noise2,A_match,1262,0.30810546875,4096,2834,0.69189453125,0.7532828981250119,0.746235723686939,0.8474785504887202,,,,,,,,
B1,43,noise2,A_rbf,1262,0.30810546875,4096,2834,0.69189453125,0.7567803803383754,0.7493860119309907,0.8246733071576917,,,,,,,,
B1,43,noise2,full_P_RBF,1262,0.30810546875,4096,2834,0.69189453125,0.7567803803383754,0.7493860119309907,0.8246733071576917,,,,,,,,
B2,17,ideal,joint,653,0.159423828125,4096,3443,0.840576171875,0.9131705536228149,0.9054124784499993,0.501596412677894,30.0,0.18884300375913698,0.062053269747480905,False,,0.8543085927931597,0.05886196082965516,False
B2,17,ideal,A_match,657,0.160400390625,4096,3439,0.839599609375,0.9033622528597404,0.8730028833947551,0.5542621901473475,,,,,,,,
B2,17,ideal,A_rbf,666,0.16259765625,4096,3430,0.83740234375,0.911309157372809,0.899892170104331,0.5127980244625715,,,,,,,,
B2,17,ideal,full_P_RBF,662,0.16162109375,4096,3434,0.83837890625,0.8718091883921031,0.8176079331608512,0.7674101521980481,,,,,,,,
B2,17,noise1,joint,692,0.1689453125,4096,3404,0.8310546875,0.863766636941521,0.8297101464918262,0.7712037093113162,30.0,0.19836448813413698,0.062053269747480905,False,,0.804926012980287,0.058840623961234066,False
B2,17,noise1,A_match,786,0.19189453125,4096,3310,0.80810546875,0.8460808110672916,0.8150059136850423,0.8494369615782882,,,,,,,,
B2,17,noise1,A_rbf,672,0.1640625,4096,3424,0.8359375,0.8622473163915898,0.831532799053176,0.7869860183895115,,,,,,,,
B2,17,noise1,full_P_RBF,664,0.162109375,4096,3432,0.837890625,0.8661753274932166,0.8352734658363455,0.7619372663344985,,,,,,,,
B2,17,noise2,joint,655,0.159912109375,4096,3441,0.840087890625,0.8760556073193224,0.8385474872208708,0.9677394974285156,30.0,0.18933128500913698,0.062053269747480905,False,,0.8172170035426131,0.05883860377670933,False
B2,17,noise2,A_match,660,0.1611328125,4096,3436,0.8388671875,0.9160723635208814,0.9129802593641898,0.4688529451739558,,,,,,,,
B2,17,noise2,A_rbf,661,0.161376953125,4096,3435,0.838623046875,0.8756328875503425,0.8369564675004987,0.971122550343394,,,,,,,,
B2,17,noise2,full_P_RBF,658,0.16064453125,4096,3438,0.83935546875,0.8762005670596156,0.8389216166894017,0.9656832153588297,,,,,,,,
B2,29,ideal,joint,643,0.156982421875,4096,3453,0.843017578125,0.8833136405095892,0.8514410146775829,0.8431431834676172,30.0,0.18640159750913698,0.062053269747480905,False,,0.8244701753117768,0.058843465197812375,False
B2,29,ideal,A_match,640,0.15625,4096,3456,0.84375,0.8839133674728603,0.8536777274262146,0.8430975518671056,,,,,,,,
B2,29,ideal,A_rbf,651,0.158935546875,4096,3445,0.841064453125,0.8856443487954788,0.8582976427639266,0.8064971457616361,,,,,,,,
B2,29,ideal,full_P_RBF,660,0.1611328125,4096,3436,0.8388671875,0.9158598570432149,0.9148848229059713,0.4830064836603851,,,,,,,,
B2,29,noise1,joint,642,0.15673828125,4096,3454,0.84326171875,0.8740142949143302,0.8320191711598208,0.7689130099093839,30.0,0.18615745688413698,0.062053269747480905,False,,0.8151743654149969,0.058839929499333345,False
B2,29,noise1,A_match,641,0.156494140625,4096,3455,0.843505859375,0.8720188627825084,0.8307953008408956,0.8502736040461161,,,,,,,,
B2,29,noise1,A_rbf,642,0.15673828125,4096,3454,0.84326171875,0.8750469411758814,0.8354194285257426,0.7598660151591072,,,,,,,,
B2,29,noise1,full_P_RBF,642,0.15673828125,4096,3454,0.84326171875,0.8750469411758814,0.8354194285257426,0.7598660151591072,,,,,,,,
B2,29,noise2,joint,676,0.1650390625,4096,3420,0.8349609375,0.8721913825951969,0.8381976081991803,0.85317604093886,30.0,0.19445823813413698,0.062053269747480905,False,,0.8133528559741877,0.05883852662100916,False
B2,29,noise2,A_match,676,0.1650390625,4096,3420,0.8349609375,0.8733651242561594,0.8353183461617004,0.8464886512175577,,,,,,,,
B2,29,noise2,A_rbf,669,0.163330078125,4096,3427,0.836669921875,0.8761520156384447,0.8383766135550197,0.8113866476992401,,,,,,,,
B2,29,noise2,full_P_RBF,663,0.161865234375,4096,3433,0.838134765625,0.8789234097207171,0.841480003214511,0.7554434869784257,,,,,,,,
B2,43,ideal,joint,686,0.16748046875,4096,3410,0.83251953125,0.8725252493888436,0.8406103605851041,0.7651465139818243,30.0,0.19689964438413698,0.062053269747480905,False,,0.8136337366018885,0.05889151278695502,False
B2,43,ideal,A_match,686,0.16748046875,4096,3410,0.83251953125,0.8678294661591908,0.8339754927898856,0.8541929464901757,,,,,,,,
B2,43,ideal,A_rbf,686,0.16748046875,4096,3410,0.83251953125,0.8726181618850966,0.8392408891290133,0.7648499612139212,,,,,,,,
B2,43,ideal,full_P_RBF,686,0.16748046875,4096,3410,0.83251953125,0.8726181618850966,0.8392408891290133,0.7648499612139212,,,,,,,,
B2,43,noise1,joint,662,0.16162109375,4096,3434,0.83837890625,0.8664809982959193,0.8047766326212199,0.9644791228350316,30.0,0.19104026938413698,0.062053269747480905,False,,0.8076243949212264,0.05885660337469292,False
B2,43,noise1,A_match,631,0.154052734375,4096,3465,0.845947265625,0.9012601799316412,0.883977838661849,0.6219920334884844,,,,,,,,
B2,43,noise1,A_rbf,654,0.15966796875,4096,3442,0.84033203125,0.8811788430621157,0.8314969956110643,0.7587551161273378,,,,,,,,
B2,43,noise1,full_P_RBF,654,0.15966796875,4096,3442,0.84033203125,0.8811788430621157,0.8314969956110643,0.7587551161273378,,,,,,,,
B2,43,noise2,joint,655,0.159912109375,4096,3441,0.840087890625,0.8630809661691998,0.8165830238719265,0.9828559041387641,30.0,0.18933128500913698,0.062053269747480905,False,,0.8042408192147439,0.058840146954455934,False
B2,43,noise2,A_match,651,0.158935546875,4096,3445,0.841064453125,0.873870303821034,0.8295566311650775,0.919928101532415,,,,,,,,
B2,43,noise2,A_rbf,656,0.16015625,4096,3440,0.83984375,0.8652800349447598,0.8206655830496014,0.9703907889065401,,,,,,,,
B2,43,noise2,full_P_RBF,653,0.159423828125,4096,3443,0.840576171875,0.8666145451840321,0.82189680253197,0.9648704449450081,,,,,,,,
B3,17,ideal,joint,353,0.086181640625,4096,3743,0.913818359375,0.9735354250638094,0.9741180657423754,0.2725033591157387,30.0,0.11560081625913697,0.062053269747480905,False,,0.9146958883805216,0.058839536683287744,False
B3,17,ideal,A_match,661,0.161376953125,4096,3435,0.838623046875,0.862115311023608,0.8171104024336739,0.9106245843389611,,,,,,,,
B3,17,ideal,A_rbf,633,0.154541015625,4096,3463,0.845458984375,0.877617434822675,0.8324746982081457,0.753426011693521,,,,,,,,
B3,17,ideal,full_P_RBF,633,0.154541015625,4096,3463,0.845458984375,0.877617434822675,0.8324746982081457,0.753426011693521,,,,,,,,
B3,29,ideal,joint,391,0.095458984375,4096,3705,0.904541015625,0.9719352454521613,0.9727513409792161,0.2839189360336124,30.0,0.12487816000913697,0.062053269747480905,False,,0.913096866127555,0.05883837932460623,False
B3,29,ideal,A_match,649,0.158447265625,4096,3447,0.841552734375,0.8973731015902534,0.8750555598533131,0.5413821181612706,,,,,,,,
B3,29,ideal,A_rbf,686,0.16748046875,4096,3410,0.83251953125,0.8596984002098085,0.8233436257485075,0.8871657249719329,,,,,,,,
B3,29,ideal,full_P_RBF,649,0.158447265625,4096,3447,0.841552734375,0.876031995803829,0.8375635505069764,0.7558701563791328,,,,,,,,
B3,43,ideal,joint,455,0.111083984375,4096,3641,0.888916015625,0.9647404682936369,0.9658945815790976,0.3106718961267756,30.0,0.14050316000913698,0.062053269747480905,False,,0.905889143705556,0.05885132458808096,False
B3,43,ideal,A_match,660,0.1611328125,4096,3436,0.8388671875,0.9131322816822125,0.9103828750072508,0.5464475692102226,,,,,,,,
B3,43,ideal,A_rbf,660,0.1611328125,4096,3436,0.8388671875,0.8991524059292229,0.8934877425224995,0.7633300870534765,,,,,,,,
B3,43,ideal,full_P_RBF,660,0.1611328125,4096,3436,0.8388671875,0.8991524059292229,0.8934877425224995,0.7633300870534765,,,,,,,,
B4,17,ideal,joint,688,0.16796875,4096,3408,0.83203125,0.8726751715666641,0.8682049244333483,0.980659949322845,30.0,0.19738792563413698,0.07932762696572854,False,,0.8138367080728202,0.058838463493843876,False
B4,17,ideal,A_match,688,0.16796875,4096,3408,0.83203125,0.8728918948818012,0.8686540642582767,0.9805301129861537,,,,,,,,
B4,17,ideal,A_rbf,688,0.16796875,4096,3408,0.83203125,0.8733100826648051,0.8688855243487829,0.9742879136428435,,,,,,,,
B4,17,ideal,full_P_RBF,688,0.16796875,4096,3408,0.83203125,0.874107119015194,0.8693436068339513,0.9621581325663612,,,,,,,,
B4,29,ideal,joint,645,0.157470703125,4096,3451,0.842529296875,0.9013051352774217,0.8985914946234981,0.7562740769545973,30.0,0.18688987875913698,0.07932762696572854,False,,0.8424649883229658,0.058840146954455934,False
B4,29,ideal,A_match,645,0.157470703125,4096,3451,0.842529296875,0.897711709546481,0.8949704140551782,0.8482996780101262,,,,,,,,
B4,29,ideal,A_rbf,646,0.15771484375,4096,3450,0.84228515625,0.8925088601751816,0.879748656411567,0.9625227145681288,,,,,,,,
B4,29,ideal,full_P_RBF,646,0.15771484375,4096,3450,0.84228515625,0.8925088601751816,0.879748656411567,0.9625227145681288,,,,,,,,
B4,43,ideal,joint,648,0.158203125,4096,3448,0.841796875,0.8835676734612905,0.8425458873865722,0.961204978445221,30.0,0.18762230063413698,0.07932762696572854,False,,0.824726516361105,0.0588411571001855,False
B4,43,ideal,A_match,648,0.158203125,4096,3448,0.841796875,0.8813799743627896,0.839834714434501,0.9897363636758187,,,,,,,,
B4,43,ideal,A_rbf,648,0.158203125,4096,3448,0.841796875,0.8857384432261683,0.8445952271130441,0.9377180687192681,,,,,,,,
B4,43,ideal,full_P_RBF,648,0.158203125,4096,3448,0.841796875,0.883860240959259,0.8425549743383143,0.9610110916391084,,,,,,,,
B5,17,ideal,joint,366,0.08935546875,4096,3730,0.91064453125,0.9750439022808202,0.9746864777759479,0.27729466138441267,30.0,0.11877464438413697,0.02389517613640734,False,,0.9161992373262027,0.05884466495461743,False
B5,17,ideal,A_match,688,0.16796875,4096,3408,0.83203125,0.8743025952185861,0.8306501594200276,0.91385245277454,,,,,,,,
B5,17,ideal,A_rbf,680,0.166015625,4096,3416,0.833984375,0.8818072382246023,0.8672087129170692,0.7845909992288553,,,,,,,,
B5,17,ideal,full_P_RBF,680,0.166015625,4096,3416,0.833984375,0.9142338777756684,0.9104721733629005,0.5018533238696844,,,,,,,,
B5,29,ideal,joint,350,0.08544921875,4096,3746,0.91455078125,0.9769519326159951,0.9779485765219795,0.2641479928933807,30.0,0.11486839438413697,0.02389517613640734,False,,0.9181063976163876,0.05884553499960751,False
B5,29,ideal,A_match,635,0.155029296875,4096,3461,0.844970703125,0.8779487656440783,0.8358676248579989,0.9791206348706035,,,,,,,,
B5,29,ideal,A_rbf,635,0.155029296875,4096,3461,0.844970703125,0.8802965697496947,0.8385851292078755,0.9597189763060017,,,,,,,,
B5,29,ideal,full_P_RBF,635,0.155029296875,4096,3461,0.844970703125,0.8802965697496947,0.8385851292078755,0.9597189763060017,,,,,,,,
B5,43,ideal,joint,326,0.07958984375,4096,3770,0.92041015625,0.9781630878281337,0.978914596788892,0.2694433011934251,30.0,0.10900901938413697,0.02389517613640734,False,,0.919320352271088,0.05884273555704563,False
B5,43,ideal,A_match,661,0.161376953125,4096,3435,0.838623046875,0.8774744085086148,0.8316445751731789,0.8446945672464835,,,,,,,,
B5,43,ideal,A_rbf,661,0.161376953125,4096,3435,0.838623046875,0.8813209117817552,0.8364590825104337,0.7520907126517673,,,,,,,,
B5,43,ideal,full_P_RBF,661,0.161376953125,4096,3435,0.838623046875,0.8813209117817552,0.8364590825104337,0.7520907126517673,,,,,,,,
B6,17,ideal,joint,1,0.000244140625,4096,4095,0.999755859375,0.9999997614392275,0.999999772918331,0.8859087517390009,30.0,0.029663316259136974,1.583562091655993e-05,False,,0.9411438671330823,0.05885589430614523,False
B6,17,ideal,A_match,1,0.000244140625,4096,4095,0.999755859375,0.999998807196138,0.9999988667512524,0.9409557512138029,,,,,,,,
B6,17,ideal,A_rbf,1,0.000244140625,4096,4095,0.999755859375,0.9999997614392275,0.999999772918331,0.8870642519587114,,,,,,,,
B6,17,ideal,full_P_RBF,1,0.000244140625,4096,4095,0.999755859375,0.9999997614392275,0.999999772918331,0.8870642519587114,,,,,,,,
B6,29,ideal,joint,0,0.0,4096,4096,1.0,1.0,1.0,0.8856500074384885,30.0,0.029419175634136974,1.583562091655993e-05,False,,0.9411613050388901,0.058838694961109946,False
B6,29,ideal,A_match,0,0.0,4096,4096,1.0,1.0,1.0,0.9407759025874809,,,,,,,,
B6,29,ideal,A_rbf,0,0.0,4096,4096,1.0,1.0,1.0,0.8866780205830344,,,,,,,,
B6,29,ideal,full_P_RBF,0,0.0,4096,4096,1.0,1.0,1.0,0.8866780205830344,,,,,,,,
B6,43,ideal,joint,0,0.0,4096,4096,1.0,1.0,1.0,0.8857526009069672,30.0,0.029419175634136974,1.583562091655993e-05,False,,0.9411520441076313,0.05884795589236872,False
B6,43,ideal,A_match,1,0.000244140625,4096,4095,0.999755859375,1.0,1.0,0.9408919144238819,,,,,,,,
B6,43,ideal,A_rbf,1,0.000244140625,4096,4095,0.999755859375,1.0,1.0,0.8868908085779219,,,,,,,,
B6,43,ideal,full_P_RBF,1,0.000244140625,4096,4095,0.999755859375,1.0,1.0,0.8868908085779219,,,,,,,,
