method,a,b,score,reverse_score,direction_margin,PD_direction_margin
PD_frozen,MNS1,CWH41,-0.4014149002465957,-1.224750319644449,0.8233354193978533,0.8233354193978533
PD_frozen,ROT2,CWH41,-0.1776355510420928,-0.0622654131037764,-0.11537013793831641,-0.11537013793831641
PD_frozen,MNS1,MNN2,-0.1856310058916243,-1.477066633573692,1.2914356276820675,1.2914356276820675
PD_frozen,ANP1,MNN2,0.0111554421954653,-0.0189950456972993,0.030150487892764602,0.030150487892764602
PD_frozen,MNS1,ROT2,-0.4999621605085871,-1.2145633329561791,0.714601172447592,0.714601172447592
PD_frozen,STP22,VPS28,0.0968172317845733,-0.8899128472253679,0.9867300790099411,0.9867300790099411
PD_frozen,HMG1,BTS1,-0.0184865152943582,-1.257140559395605,1.2386540441012468,1.2386540441012468
PD_frozen,DIE2,ALG5,0.3070026960434103,-0.663452365023069,0.9704550610664793,0.9704550610664793
PD_frozen,ALG8,ALG5,0.1616676205571338,-0.6198493541828467,0.7815169747399805,0.7815169747399805
PD_frozen,ALG6,ALG5,-0.440219138029897,-0.7605155864371543,0.32029644840725735,0.32029644840725735
PD_frozen,DIE2,ALG8,0.5756157230154625,-0.780486624570863,1.3561023475863254,1.3561023475863254
PD_frozen,DIE2,ALG9,0.0573279733638958,-0.6007238161773933,0.6580517895412892,0.6580517895412892
PD_frozen,ALG8,ALG9,-0.1784728502554457,-0.432670361791615,0.2541975115361693,0.2541975115361693
PD_frozen,ALG12,ALG9,0.3906772186225359,0.2301871494891241,0.1604900691334118,0.1604900691334118
PD_frozen,ALG6,ALG9,-0.3111961815309657,-0.7217230778411919,0.41052689631022626,0.41052689631022626
PD_frozen,DIE2,ALG6,-0.2126342502621885,-0.7649248552771521,0.5522906050149636,0.5522906050149636
PD_frozen,ALG8,ALG6,-0.1946713405163144,-0.5931616858926129,0.39849034537629846,0.39849034537629846
PD_frozen,ALG12,ALG3,1.4850597205829137,-1.3305381030568806,2.815597823639794,2.815597823639794
PD_frozen,ALG9,ALG3,0.8974364431139208,-1.1399686532760869,2.0374050963900077,2.0374050963900077
PD_frozen,OST5,OST3,0.0446145819706429,-1.0647019094134804,1.1093164913841234,1.1093164913841234
PD_frozen,MNS1,ANP1,-0.0614295237574123,-1.3151102490198,1.2536807252623876,1.2536807252623876
P_frozen,MNS1,CWH41,-0.5581433409068649,0.5581433409068649,-1.1162866818137298,0.8233354193978533
P_frozen,ROT2,CWH41,0.3941276686001568,-0.3941276686001568,0.7882553372003136,-0.11537013793831641
P_frozen,MNS1,MNN2,-3.1535420068883417,3.1535420068883417,-6.3070840137766835,1.2914356276820675
P_frozen,ANP1,MNN2,-0.0497846075956961,0.0497846075956961,-0.0995692151913922,0.030150487892764602
P_frozen,MNS1,ROT2,-0.9492012630520194,0.9492012630520194,-1.8984025261040387,0.714601172447592
P_frozen,STP22,VPS28,0.1381316054024177,-0.1381316054024177,0.2762632108048354,0.9867300790099411
P_frozen,HMG1,BTS1,-3.424844601734596,3.424844601734596,-6.849689203469192,1.2386540441012468
P_frozen,DIE2,ALG5,2.2456775762859498,-2.2456775762859498,4.4913551525718995,0.9704550610664793
P_frozen,ALG8,ALG5,0.6630119316639558,-0.6630119316639558,1.3260238633279116,0.7815169747399805
P_frozen,ALG6,ALG5,0.9292108341262078,-0.9292108341262078,1.8584216682524155,0.32029644840725735
P_frozen,DIE2,ALG8,1.5838887802778316,-1.5838887802778316,3.1677775605556633,1.3561023475863254
P_frozen,DIE2,ALG9,1.920703954084721,-1.920703954084721,3.841407908169442,0.6580517895412892
P_frozen,ALG8,ALG9,0.3388860509284767,-0.3388860509284767,0.6777721018569534,0.2541975115361693
P_frozen,ALG12,ALG9,0.1248640760433653,-0.1248640760433653,0.2497281520867306,0.1604900691334118
P_frozen,ALG6,ALG9,0.6105536038414243,-0.6105536038414243,1.2211072076828486,0.41052689631022626
P_frozen,DIE2,ALG6,1.3155815946260887,-1.3155815946260887,2.6311631892521774,0.5522906050149636
P_frozen,ALG8,ALG6,-0.2682307176283014,0.2682307176283014,-0.5364614352566028,0.39849034537629846
P_frozen,ALG12,ALG3,1.1200467969690902,-1.1200467969690902,2.2400935939381803,2.815597823639794
P_frozen,ALG9,ALG3,0.9965678534086448,-0.9965678534086448,1.9931357068172897,2.0374050963900077
P_frozen,OST5,OST3,-0.5364063664987763,0.5364063664987763,-1.0728127329975525,1.1093164913841234
P_frozen,MNS1,ANP1,-3.1030439412852817,3.1030439412852817,-6.206087882570563,1.2536807252623876
A_match,MNS1,CWH41,-0.0366422839623681,-0.082156439571898,0.0455141556095299,0.8233354193978533
A_match,ROT2,CWH41,-0.2597544138477429,0.146471748733823,-0.40622616258156585,-0.11537013793831641
A_match,MNS1,MNN2,0.0771959411681233,-1.26970319026898,1.3468991314371033,1.2914356276820675
A_match,ANP1,MNN2,-0.0544777184861259,-0.0307536959895195,-0.0237240224966064,0.030150487892764602
A_match,MNS1,ROT2,0.0364788395074099,-1.058679816366631,1.095158655874041,0.714601172447592
A_match,STP22,VPS28,0.4425362298738136,-1.076802553374168,1.5193387832479817,0.9867300790099411
A_match,HMG1,BTS1,0.0914401932435619,-1.4793682159392207,1.5708084091827827,1.2386540441012468
A_match,DIE2,ALG5,0.1417522023743629,-0.2748766732359511,0.41662887561031403,0.9704550610664793
A_match,ALG8,ALG5,0.1112373052633611,-0.2573990191397983,0.3686363244031594,0.7815169747399805
A_match,ALG6,ALG5,-0.5517513663552972,-0.1455510096335475,-0.4062003567217497,0.32029644840725735
A_match,DIE2,ALG8,0.1022272417749609,-0.1022272417749609,0.2044544835499218,1.3561023475863254
A_match,DIE2,ALG9,-0.147637351482717,-0.9203449836274608,0.7727076321447437,0.6580517895412892
A_match,ALG8,ALG9,-0.058165242532342,-0.2284943191017933,0.1703290765694513,0.2541975115361693
A_match,ALG12,ALG9,0.100900764873813,0.1356762018739526,-0.0347754370001396,0.1604900691334118
A_match,ALG6,ALG9,-0.0828683443359991,0.3780239459422745,-0.4608922902782736,0.41052689631022626
A_match,DIE2,ALG6,-0.0790918570196287,-0.7208359123012307,0.6417440552816019,0.5522906050149636
A_match,ALG8,ALG6,0.972920633529626,-0.5894327788319413,1.5623534123615674,0.39849034537629846
A_match,ALG12,ALG3,0.9883351196629736,-0.8286993774310044,1.817034497093978,2.815597823639794
A_match,ALG9,ALG3,0.4227209124544847,-0.3113809982893006,0.7341019107437853,2.0374050963900077
A_match,OST5,OST3,-0.1215191416355985,-0.6972469726029958,0.5757278309673973,1.1093164913841234
A_match,MNS1,ANP1,-0.6004228797793143,-0.756386131358865,0.1559632515795507,1.2536807252623876
A_rbf,MNS1,CWH41,0.1391215045679516,-0.9948742488806294,1.133995753448581,0.8233354193978533
A_rbf,ROT2,CWH41,-0.0535466746474133,0.2786272058008372,-0.3321738804482505,-0.11537013793831641
A_rbf,MNS1,MNN2,-0.4493177435199685,-0.6996182241175739,0.2503004805976054,1.2914356276820675
A_rbf,ANP1,MNN2,-0.0445224003944779,-0.0445224003944779,0.0,0.030150487892764602
A_rbf,MNS1,ROT2,0.0734933457997178,-0.1140503267248926,0.1875436725246104,0.714601172447592
A_rbf,STP22,VPS28,0.4018991021372235,-1.1331189404457638,1.5350180425829874,0.9867300790099411
A_rbf,HMG1,BTS1,-0.1752364311201779,-1.1100179943338244,0.9347815632136465,1.2386540441012468
A_rbf,DIE2,ALG5,0.5258089433713498,0.1137709923192773,0.41203795105207247,0.9704550610664793
A_rbf,ALG8,ALG5,-0.058430446852205,-0.5347606181178859,0.4763301712656809,0.7815169747399805
A_rbf,ALG6,ALG5,-0.8126311348302284,0.0518343550523505,-0.8644654898825789,0.32029644840725735
A_rbf,DIE2,ALG8,0.0101648397022726,-0.1997984311068902,0.2099632708091628,1.3561023475863254
A_rbf,DIE2,ALG9,0.058129854403198,-0.9975204586984212,1.0556503131016193,0.6580517895412892
A_rbf,ALG8,ALG9,-0.1315039568408822,-0.1579230121266588,0.026419055285776594,0.2541975115361693
A_rbf,ALG12,ALG9,0.1224776750500673,0.025922043564865,0.0965556314852023,0.1604900691334118
A_rbf,ALG6,ALG9,-0.5040133048875451,0.8089503631191678,-1.312963668006713,0.41052689631022626
A_rbf,DIE2,ALG6,-0.0566045363167103,-0.7488860237632666,0.6922814874465564,0.5522906050149636
A_rbf,ALG8,ALG6,1.165734872713807,-0.691732595529857,1.857467468243664,0.39849034537629846
A_rbf,ALG12,ALG3,0.7627785226898668,-0.2894516903795147,1.0522302130693815,2.815597823639794
A_rbf,ALG9,ALG3,0.6014176645894216,-1.064535398052685,1.6659530626421066,2.0374050963900077
A_rbf,OST5,OST3,-0.034557741783789,-1.0338806025289915,0.9993228607452025,1.1093164913841234
A_rbf,MNS1,ANP1,-0.9079325809032056,-0.2639241587959593,-0.6440084221072463,1.2536807252623876
svm_17,MNS1,CWH41,-1.2996323989528946,-1.5070966330876816,0.20746423413478698,0.8233354193978533
svm_17,ROT2,CWH41,-0.6361036700079433,-0.6360852624742375,-1.840753370585535e-05,-0.11537013793831641
svm_17,MNS1,MNN2,-0.7293442222982902,-0.7449132966299487,0.015569074331658439,1.2914356276820675
svm_17,ANP1,MNN2,-0.6891043341825822,-0.6891043341825829,6.661338147750939e-16,0.030150487892764602
svm_17,MNS1,ROT2,-0.5629902125641484,-1.1919330564792225,0.6289428439150742,0.714601172447592
svm_17,STP22,VPS28,-0.2813049624394053,-0.8993497394593407,0.6180447770199354,0.9867300790099411
svm_17,HMG1,BTS1,-0.6118346307179802,-1.085256727176665,0.47342209645868494,1.2386540441012468
svm_17,DIE2,ALG5,0.6656881409982764,-0.07819685707004204,0.7438849980683184,0.9704550610664793
svm_17,ALG8,ALG5,-0.29787421796611946,-0.6841381445938972,0.38626392662777775,0.7815169747399805
svm_17,ALG6,ALG5,-0.798178588909038,-0.5119352782234615,-0.2862433106855765,0.32029644840725735
svm_17,DIE2,ALG8,-0.9456599425263574,-0.22796871996362056,-0.7176912225627369,1.3561023475863254
svm_17,DIE2,ALG9,0.17020516788803075,-1.5349768150384695,1.7051819829265003,0.6580517895412892
svm_17,ALG8,ALG9,-1.211673438231952,-1.4863043071496904,0.27463086891773836,0.2541975115361693
svm_17,ALG12,ALG9,-0.029163624837516555,-0.07526040588188376,0.04609678104436721,0.1604900691334118
svm_17,ALG6,ALG9,-0.4667820249006147,0.22745642633415603,-0.6942384512347708,0.41052689631022626
svm_17,DIE2,ALG6,-0.21432663809162553,-1.0868823203981324,0.8725556823065068,0.5522906050149636
svm_17,ALG8,ALG6,0.688012565851424,-0.537331333091091,1.2253438989425152,0.39849034537629846
svm_17,ALG12,ALG3,0.712803766675826,0.2046245830101816,0.5081791836656444,2.815597823639794
svm_17,ALG9,ALG3,-0.39777399758450505,-0.5873381544279815,0.1895641568434765,2.0374050963900077
svm_17,OST5,OST3,-0.5004364996085227,-1.234012612599133,0.7335761129906104,1.1093164913841234
svm_17,MNS1,ANP1,-0.6400785502082237,-0.6400785502082237,0.0,1.2536807252623876
xgboost_17,MNS1,CWH41,-1.5469098091125488,-5.171427249908447,3.6245174407958984,0.8233354193978533
xgboost_17,ROT2,CWH41,-1.8112956285476685,-0.5324709415435791,-1.2788246870040894,-0.11537013793831641
xgboost_17,MNS1,MNN2,-1.2164335250854492,-4.901332855224609,3.68489933013916,1.2914356276820675
xgboost_17,ANP1,MNN2,-2.479997158050537,-2.2514164447784424,-0.22858071327209473,0.030150487892764602
xgboost_17,MNS1,ROT2,-0.32994624972343445,-5.62985372543335,5.299907475709915,0.714601172447592
xgboost_17,STP22,VPS28,-1.4146955013275146,-2.3041460514068604,0.8894505500793457,0.9867300790099411
xgboost_17,HMG1,BTS1,-2.565646171569824,-3.771789789199829,1.2061436176300049,1.2386540441012468
xgboost_17,DIE2,ALG5,2.927686929702759,-3.9541854858398438,6.8818724155426025,0.9704550610664793
xgboost_17,ALG8,ALG5,-3.67706036567688,-4.35186243057251,0.6748020648956299,0.7815169747399805
xgboost_17,ALG6,ALG5,-4.451741695404053,-1.2044838666915894,-3.2472578287124634,0.32029644840725735
xgboost_17,DIE2,ALG8,-5.791429042816162,-5.879239559173584,0.08781051635742188,1.3561023475863254
xgboost_17,DIE2,ALG9,-3.960702419281006,-4.390042781829834,0.4293403625488281,0.6580517895412892
xgboost_17,ALG8,ALG9,-3.313612699508667,-4.260514259338379,0.9469015598297119,0.2541975115361693
xgboost_17,ALG12,ALG9,-0.3837955892086029,-0.30584466457366943,-0.07795092463493347,0.1604900691334118
xgboost_17,ALG6,ALG9,-0.16759465634822845,-1.5355489253997803,1.3679542690515518,0.41052689631022626
xgboost_17,DIE2,ALG6,-2.668198347091675,-4.474076747894287,1.8058784008026123,0.5522906050149636
xgboost_17,ALG8,ALG6,-0.596813976764679,-1.2041352987289429,0.6073213219642639,0.39849034537629846
xgboost_17,ALG12,ALG3,1.252845048904419,-2.419138193130493,3.671983242034912,2.815597823639794
xgboost_17,ALG9,ALG3,0.23554466664791107,-4.017282962799072,4.252827629446983,2.0374050963900077
xgboost_17,OST5,OST3,-0.9041449427604675,-3.3475992679595947,2.443454325199127,1.1093164913841234
xgboost_17,MNS1,ANP1,-4.005319118499756,-3.1323249340057373,-0.8729941844940186,1.2536807252623876
catboost_17,MNS1,CWH41,-3.7923537730464836,-6.302869725686134,2.51051595263965,0.8233354193978533
catboost_17,ROT2,CWH41,-3.8777917713212173,-4.094270739024775,0.21647896770355723,-0.11537013793831641
catboost_17,MNS1,MNN2,-2.8463022963168925,-3.596850189799653,0.7505478934827607,1.2914356276820675
catboost_17,ANP1,MNN2,-2.5002804548202953,-2.300622238189936,-0.19965821663035932,0.030150487892764602
catboost_17,MNS1,ROT2,-2.6717493511101154,-7.475737843145682,4.803988492035566,0.714601172447592
catboost_17,STP22,VPS28,-2.860822308794167,-2.9747084285866605,0.11388611979249363,0.9867300790099411
catboost_17,HMG1,BTS1,-2.643910849740549,-3.5285652061050388,0.8846543563644897,1.2386540441012468
catboost_17,DIE2,ALG5,2.566335403121142,-5.595861367235805,8.162196770356946,0.9704550610664793
catboost_17,ALG8,ALG5,-3.1802711768308183,-5.557827224167164,2.3775560473363453,0.7815169747399805
catboost_17,ALG6,ALG5,-3.283056875327791,-0.8463245947868395,-2.4367322805409515,0.32029644840725735
catboost_17,DIE2,ALG8,-3.5600551738321666,-4.328217820112559,0.7681626462803921,1.3561023475863254
catboost_17,DIE2,ALG9,-3.7405444622618553,-5.284808767421413,1.5442643051595573,0.6580517895412892
catboost_17,ALG8,ALG9,-3.235106199641928,-3.9071118816427783,0.6720056820008504,0.2541975115361693
catboost_17,ALG12,ALG9,0.4146556018442006,-0.2575905965760846,0.6722461984202852,0.1604900691334118
catboost_17,ALG6,ALG9,-1.597911958911804,-2.3639580549558703,0.7660460960440663,0.41052689631022626
catboost_17,DIE2,ALG6,-5.5423181915924635,-6.221042476506436,0.6787242849139723,0.5522906050149636
catboost_17,ALG8,ALG6,-3.9393904644266664,-3.0180125453863473,-0.9213779190403191,0.39849034537629846
catboost_17,ALG12,ALG3,5.790132210514942,-5.573755690647163,11.363887901162105,2.815597823639794
catboost_17,ALG9,ALG3,-1.1046526028424506,-4.951370716157554,3.846718113315104,2.0374050963900077
catboost_17,OST5,OST3,-1.5200662684475241,-4.400204957657073,2.880138689209549,1.1093164913841234
catboost_17,MNS1,ANP1,-3.4860116247117277,-3.3054242545122694,-0.18058737019945825,1.2536807252623876
catboost_29,MNS1,CWH41,-4.253772686041474,-6.3453739269336795,2.0916012408922056,0.8233354193978533
catboost_29,ROT2,CWH41,-2.049757451486761,-1.7694953881672513,-0.28026206331950965,-0.11537013793831641
catboost_29,MNS1,MNN2,-2.44391138458764,-3.7005595042467276,1.2566481196590877,1.2914356276820675
catboost_29,ANP1,MNN2,-2.9560276382544965,-2.4434473607508207,-0.5125802775036759,0.030150487892764602
catboost_29,MNS1,ROT2,-3.4098406024911836,-6.888369995211176,3.478529392719992,0.714601172447592
catboost_29,STP22,VPS28,-2.2232899513394533,-1.8686525596554218,-0.3546373916840315,0.9867300790099411
catboost_29,HMG1,BTS1,-2.3909952991087065,-3.6561959001932105,1.265200601084504,1.2386540441012468
catboost_29,DIE2,ALG5,3.6974099002390135,-6.485766232308763,10.183176132547777,0.9704550610664793
catboost_29,ALG8,ALG5,-3.2174572940404076,-5.333283040969414,2.1158257469290067,0.7815169747399805
catboost_29,ALG6,ALG5,-2.726782247925795,-0.8168336795933824,-1.9099485683324127,0.32029644840725735
catboost_29,DIE2,ALG8,-5.7221554135911745,-6.781846112480119,1.0596906988889447,1.3561023475863254
catboost_29,DIE2,ALG9,-7.483992939691934,-7.607047527207948,0.12305458751601428,0.6580517895412892
catboost_29,ALG8,ALG9,-2.61242815254485,-3.9742121360751668,1.3617839835303167,0.2541975115361693
catboost_29,ALG12,ALG9,-0.4324973082286944,-0.698962297159338,0.2664649889306436,0.1604900691334118
catboost_29,ALG6,ALG9,-1.3415476117492195,-1.986325609918468,0.6447779981692485,0.41052689631022626
catboost_29,DIE2,ALG6,-4.154054921782943,-5.351433030728335,1.1973781089453919,0.5522906050149636
catboost_29,ALG8,ALG6,-3.295591971356031,-3.019666687136363,-0.2759252842196682,0.39849034537629846
catboost_29,ALG12,ALG3,3.240680435120433,-3.02495255427409,6.265632989394523,2.815597823639794
catboost_29,ALG9,ALG3,-1.0963389278830584,-5.877159108216037,4.780820180332978,2.0374050963900077
catboost_29,OST5,OST3,-1.8594889217030452,-3.4993079150172917,1.6398189933142464,1.1093164913841234
catboost_29,MNS1,ANP1,-2.992448760753708,-2.9383313368178627,-0.05411742393584529,1.2536807252623876
catboost_43,MNS1,CWH41,-3.28439004228747,-6.275857501556661,2.991467459269191,0.8233354193978533
catboost_43,ROT2,CWH41,-2.4401376287277032,-1.7708003212102115,-0.6693373075174918,-0.11537013793831641
catboost_43,MNS1,MNN2,-2.4321638386324467,-3.5976241980619816,1.165460359429535,1.2914356276820675
catboost_43,ANP1,MNN2,-3.6008043871799273,-3.511100666530686,-0.08970372064924126,0.030150487892764602
catboost_43,MNS1,ROT2,-2.7716474531430175,-6.7327992237396685,3.961151770596651,0.714601172447592
catboost_43,STP22,VPS28,-2.9129842781170887,-1.7931166003501844,-1.1198676777669043,0.9867300790099411
catboost_43,HMG1,BTS1,-2.1356931577934812,-3.8669784028750365,1.7312852450815552,1.2386540441012468
catboost_43,DIE2,ALG5,1.9979737267858675,-5.344586402091424,7.342560128877292,0.9704550610664793
catboost_43,ALG8,ALG5,-3.435794070733157,-5.6343484324385384,2.1985543617053813,0.7815169747399805
catboost_43,ALG6,ALG5,-3.298773208945137,-0.9433865658091142,-2.355386643136023,0.32029644840725735
catboost_43,DIE2,ALG8,-3.1561615004347243,-4.44951419908858,1.2933526986538557,1.3561023475863254
catboost_43,DIE2,ALG9,-3.5921857022550605,-5.267478943290432,1.6752932410353716,0.6580517895412892
catboost_43,ALG8,ALG9,-2.5494877362489907,-3.6583905849393186,1.1089028486903278,0.2541975115361693
catboost_43,ALG12,ALG9,-0.26456288616443446,-0.4266847665919218,0.16212188042748732,0.1604900691334118
catboost_43,ALG6,ALG9,-1.42713939015684,-2.8754183622663256,1.4482789721094855,0.41052689631022626
catboost_43,DIE2,ALG6,-3.3603997291155983,-3.562898658438214,0.2024989293226156,0.5522906050149636
catboost_43,ALG8,ALG6,-2.706984904649307,-2.9262492471633856,0.21926434251407878,0.39849034537629846
catboost_43,ALG12,ALG3,4.275507179540852,-5.508997059581533,9.784504239122384,2.815597823639794
catboost_43,ALG9,ALG3,-1.4775649776833115,-5.513295782006825,4.035730804323514,2.0374050963900077
catboost_43,OST5,OST3,-1.4167639585422838,-2.983956378700562,1.5671924201582783,1.1093164913841234
catboost_43,MNS1,ANP1,-3.5749862322404677,-3.3236426769474323,-0.2513435552930354,1.2536807252623876
Red_original_42,MNS1,CWH41,0.5445662710340402,0.4525020860460372,0.092064184988003,0.8233354193978533
Red_original_42,ROT2,CWH41,0.5000422689454913,0.4999577279486727,8.454099681859395e-05,-0.11537013793831641
Red_original_42,MNS1,MNN2,0.5594666012883889,0.4354599641839648,0.12400663710442406,1.2914356276820675
Red_original_42,ANP1,MNN2,0.6107578920823579,0.3665315308696448,0.24422636121271307,0.030150487892764602
Red_original_42,MNS1,ROT2,0.5424960951507545,0.454634891680355,0.0878612034703995,0.714601172447592
Red_original_42,STP22,VPS28,0.5579420051653728,0.4331724792177484,0.12476952594762447,0.9867300790099411
Red_original_42,HMG1,BTS1,0.573949774228446,0.4158342011572811,0.15811557307116486,1.2386540441012468
Red_original_42,DIE2,ALG5,0.5475412936103948,0.4461294238958579,0.10141186971453692,0.9704550610664793
Red_original_42,ALG8,ALG5,0.4652941981556176,0.531446004224815,-0.0661518060691974,0.7815169747399805
Red_original_42,ALG6,ALG5,0.3954256963742457,0.48104836092154,-0.08562266454729434,0.32029644840725735
Red_original_42,DIE2,ALG8,0.5255801534244685,0.4089096556694003,0.11667049775506821,1.3561023475863254
Red_original_42,DIE2,ALG9,0.5182031505760502,0.3884006008230661,0.12980254975298405,0.6580517895412892
Red_original_42,ALG8,ALG9,0.5150278287818766,0.4842020221879669,0.03082580659390971,0.2541975115361693
Red_original_42,ALG12,ALG9,0.498405509156116,0.5015867473426262,-0.003181238186510227,0.1604900691334118
Red_original_42,ALG6,ALG9,0.453874865331747,0.5064434549794358,-0.05256858964768879,0.41052689631022626
Red_original_42,DIE2,ALG6,0.4530723665892737,0.3345514681678479,0.11852089842142577,0.5522906050149636
Red_original_42,ALG8,ALG6,0.4833057110697836,0.4370715530500505,0.046234158019733074,0.39849034537629846
Red_original_42,ALG12,ALG3,0.481040734080457,0.3988515207894249,0.08218921329103213,2.815597823639794
Red_original_42,ALG9,ALG3,0.470741072238531,0.3980053984754488,0.07273567376308221,2.0374050963900077
Red_original_42,OST5,OST3,0.3184186676862667,0.2202892432669692,0.0981294244192975,1.1093164913841234
Red_original_42,MNS1,ANP1,0.5242528107350534,0.5169416273896592,0.007311183345394157,1.2536807252623876
Red_original_43,MNS1,CWH41,0.5472441895159452,0.449346014037228,0.09789817547871721,0.8233354193978533
Red_original_43,ROT2,CWH41,0.5024560101339935,0.4975331968854011,0.00492281324859245,-0.11537013793831641
Red_original_43,MNS1,MNN2,0.5393157912004641,0.4581251423941909,0.08119064880627325,1.2914356276820675
Red_original_43,ANP1,MNN2,0.4115894766244597,0.4262003210927801,-0.014610844468320394,0.030150487892764602
Red_original_43,MNS1,ROT2,0.5437109707922769,0.4530923515540849,0.09061861923819203,0.714601172447592
Red_original_43,STP22,VPS28,0.5481117075535158,0.4473818645011405,0.10072984305237531,0.9867300790099411
Red_original_43,HMG1,BTS1,0.568445052821083,0.4230867020205812,0.14535835080050186,1.2386540441012468
Red_original_43,DIE2,ALG5,0.5481732906841732,0.4452242462242519,0.10294904445992131,0.9704550610664793
Red_original_43,ALG8,ALG5,0.4666846452068688,0.5302629570766982,-0.06357831186982943,0.7815169747399805
Red_original_43,ALG6,ALG5,0.3965886231981206,0.4787289700599838,-0.08214034686186322,0.32029644840725735
Red_original_43,DIE2,ALG8,0.5200093914439561,0.4097161804733736,0.11029321097058248,1.3561023475863254
Red_original_43,DIE2,ALG9,0.5136652070140668,0.38763247070483,0.12603273630923684,0.6580517895412892
Red_original_43,ALG8,ALG9,0.515959392542566,0.483156874115015,0.03280251842755094,0.2541975115361693
Red_original_43,ALG12,ALG9,0.4996947888321799,0.5003049221571614,-0.0006101333249814989,0.1604900691334118
Red_original_43,ALG6,ALG9,0.4548006504490969,0.5043182477072907,-0.049517597258193824,0.41052689631022626
Red_original_43,DIE2,ALG6,0.447516420627237,0.3349821746116349,0.11253424601560214,0.5522906050149636
Red_original_43,ALG8,ALG6,0.4778517554418036,0.4370421244628266,0.040809630978976996,0.39849034537629846
Red_original_43,ALG12,ALG3,0.4749936864040348,0.3985388867880813,0.07645479961595347,2.815597823639794
Red_original_43,ALG9,ALG3,0.4686761331228611,0.3989141020330715,0.06976203108978962,2.0374050963900077
Red_original_43,OST5,OST3,0.3081008509074645,0.2199347174906307,0.08816613341683377,1.1093164913841234
Red_original_43,MNS1,ANP1,0.3592731733428489,0.5549708851003194,-0.19569771175747053,1.2536807252623876
Red_original_44,MNS1,CWH41,0.5862217151643644,0.3953222795400451,0.19089943562431927,0.8233354193978533
Red_original_44,ROT2,CWH41,0.498733292320979,0.5012638025303572,-0.0025305102093781673,-0.11537013793831641
Red_original_44,MNS1,MNN2,0.5561976819776784,0.4392004107679902,0.11699727120968817,1.2914356276820675
Red_original_44,ANP1,MNN2,0.5778949854882122,0.6195823903523608,-0.04168740486414868,0.030150487892764602
Red_original_44,MNS1,ROT2,0.5394745730429626,0.4580142503697584,0.08146032267320424,0.714601172447592
Red_original_44,STP22,VPS28,0.4781224809096913,0.4032495712055592,0.07487290970413207,0.9867300790099411
Red_original_44,HMG1,BTS1,0.5694857613505078,0.4219164517377051,0.14756930961280268,1.2386540441012468
Red_original_44,DIE2,ALG5,0.5476971725339128,0.4458011721177561,0.1018960004161567,0.9704550610664793
Red_original_44,ALG8,ALG5,0.4649031964076507,0.5317355599042412,-0.06683236349659044,0.7815169747399805
Red_original_44,ALG6,ALG5,0.3953171864390065,0.4774795824324324,-0.0821623959934259,0.32029644840725735
Red_original_44,DIE2,ALG8,0.5205758329228083,0.4080871642654494,0.1124886686573589,1.3561023475863254
Red_original_44,DIE2,ALG9,0.5139339890062606,0.3863683676320231,0.12756562137423755,0.6580517895412892
Red_original_44,ALG8,ALG9,0.5157891828920415,0.4833575623383985,0.03243162055364296,0.2541975115361693
Red_original_44,ALG12,ALG9,0.5004478475654285,0.4995515318510637,0.0008963157143647704,0.1604900691334118
Red_original_44,ALG6,ALG9,0.4548871577246572,0.5068923057036575,-0.0520051479790003,0.41052689631022626
Red_original_44,DIE2,ALG6,0.4474832542942377,0.3340418065131542,0.1134414477810835,0.5522906050149636
Red_original_44,ALG8,ALG6,0.4813430236750528,0.4373397004066098,0.04400332326844297,0.39849034537629846
Red_original_44,ALG12,ALG3,0.4757842969177954,0.3972526637570312,0.07853163316076417,2.815597823639794
Red_original_44,ALG9,ALG3,0.4718103707697692,0.3983436270841234,0.07346674368564582,2.0374050963900077
Red_original_44,OST5,OST3,0.3149933729660645,0.2209246179342269,0.09406875503183759,1.1093164913841234
Red_original_44,MNS1,ANP1,0.4362234086249324,0.5588179096681344,-0.12259450104320196,1.2536807252623876
raw_mask,MNS1,CWH41,0.0,0.0,0.0,0.8233354193978533
raw_mask,ROT2,CWH41,-0.074690511183405,0.074690511183405,-0.14938102236681,-0.11537013793831641
raw_mask,MNS1,MNN2,0.0,0.0,0.0,1.2914356276820675
raw_mask,ANP1,MNN2,0.0,0.0,0.0,0.030150487892764602
raw_mask,MNS1,ROT2,0.475933980458846,-0.475933980458846,0.951867960917692,0.714601172447592
raw_mask,STP22,VPS28,0.0,0.0,0.0,0.9867300790099411
raw_mask,HMG1,BTS1,0.4736820522849632,-0.4736820522849632,0.9473641045699264,1.2386540441012468
raw_mask,DIE2,ALG5,0.4083378446941401,-0.4083378446941401,0.8166756893882802,0.9704550610664793
raw_mask,ALG8,ALG5,-0.0625002197313377,0.0625002197313377,-0.1250004394626754,0.7815169747399805
raw_mask,ALG6,ALG5,-0.0132411509426366,0.0132411509426366,-0.0264823018852732,0.32029644840725735
raw_mask,DIE2,ALG8,0.739221064425478,-0.739221064425478,1.478442128850956,1.3561023475863254
raw_mask,DIE2,ALG9,0.8341581978054866,-0.8341581978054866,1.6683163956109732,0.6580517895412892
raw_mask,ALG8,ALG9,0.083294454175538,-0.083294454175538,0.166588908351076,0.2541975115361693
raw_mask,ALG12,ALG9,0.018551848241636,-0.018551848241636,0.037103696483272,0.1604900691334118
raw_mask,ALG6,ALG9,-0.3723776146131619,0.3723776146131619,-0.7447552292263238,0.41052689631022626
raw_mask,DIE2,ALG6,1.2065358124186485,-1.2065358124186485,2.413071624837297,0.5522906050149636
raw_mask,ALG8,ALG6,0.4556720687886999,-0.4556720687886999,0.9113441375773998,0.39849034537629846
raw_mask,ALG12,ALG3,0.6838648895886381,-0.6838648895886381,1.3677297791772762,2.815597823639794
raw_mask,ALG9,ALG3,0.6653130413470021,-0.6653130413470021,1.3306260826940042,2.0374050963900077
raw_mask,OST5,OST3,0.0,0.0,0.0,1.1093164913841234
raw_mask,MNS1,ANP1,0.0,0.0,0.0,1.2536807252623876
single_only,MNS1,CWH41,-0.4012434692754408,0.4012434692754408,-0.8024869385508816,0.8233354193978533
single_only,ROT2,CWH41,0.074690511183405,-0.074690511183405,0.14938102236681,-0.11537013793831641
single_only,MNS1,MNN2,-0.4476988314116608,0.4476988314116608,-0.8953976628233216,1.2914356276820675
single_only,ANP1,MNN2,-0.6621729741210333,0.6621729741210333,-1.3243459482420665,0.030150487892764602
single_only,MNS1,ROT2,-0.4759339804588459,0.4759339804588459,-0.9518679609176918,0.714601172447592
single_only,STP22,VPS28,-0.3465824190775245,0.3465824190775245,-0.693164838155049,0.9867300790099411
single_only,HMG1,BTS1,-0.4736820522849631,0.4736820522849631,-0.9473641045699261,1.2386540441012468
single_only,DIE2,ALG5,-0.4083378446941401,0.4083378446941401,-0.8166756893882802,0.9704550610664793
single_only,ALG8,ALG5,0.3425258989358084,-0.3425258989358084,0.6850517978716169,0.7815169747399805
single_only,ALG6,ALG5,0.7981979677245084,-0.7981979677245084,1.5963959354490167,0.32029644840725735
single_only,DIE2,ALG8,-0.7508637436299486,0.7508637436299486,-1.5017274872598971,1.3561023475863254
single_only,DIE2,ALG9,-0.8341581978054866,0.8341581978054866,-1.6683163956109732,0.6580517895412892
single_only,ALG8,ALG9,-0.083294454175538,0.083294454175538,-0.166588908351076,0.2541975115361693
single_only,ALG12,ALG9,-0.018551848241636,0.018551848241636,-0.037103696483272,0.1604900691334118
single_only,ALG6,ALG9,0.3723776146131619,-0.3723776146131619,0.7447552292263238,0.41052689631022626
single_only,DIE2,ALG6,-1.2065358124186485,1.2065358124186485,-2.413071624837297,0.5522906050149636
single_only,ALG8,ALG6,-0.4556720687886999,0.4556720687886999,-0.9113441375773998,0.39849034537629846
single_only,ALG12,ALG3,-0.6838648895886381,0.6838648895886381,-1.3677297791772762,2.815597823639794
single_only,ALG9,ALG3,-0.6653130413470021,0.6653130413470021,-1.3306260826940042,2.0374050963900077
single_only,OST5,OST3,-2.0090058769839,2.0090058769839,-4.0180117539678,1.1093164913841234
single_only,MNS1,ANP1,0.2144741427093724,-0.2144741427093724,0.4289482854187448,1.2536807252623876
