pair,sha256,context_permitted
MNS1|OST5,04d57a16224566d186626912e424ef31f4c523c2ca87491bc287790b126952be,False
ALG5|OST5,051c8f877403f6789792cf8ac945c2fbfad065fca39506501d62eb496e81dd9d,False
HRD1|UBC7,0d317e4cb8e9af830996409c5566fbbbf98db5a31f6daf238602ac2683b34d52,False
STP22|VPS28,0e80f816ad8bca81c6a9ac56dda24423569a22ce432dc65c65c2b0b32dc3c8e2,False
ALG8|DIE2,0ffbdd83bd02727e7fb200fd56d03cc48f96865b420783df9f43ab89d5f9c8f6,False
ALG3|MNS1,13cd865ee11d6e0a984498bcbc7200750d5a4312307dbdf49f2e832d09393697,False
ALG8|CWH41,17f35d039fa1b514d43f98f751c2db21a5c893c91ba5a665435458c44ed6e9d7,False
ALG3|OST3,19725644150bfe293d53e3af1457567e6dd86df2a9db6aad763c5b588bbfcabf,False
DIE2|OST3,19b8151aa687d60f16d098949ee38de4655076591720d1f092ed0996f9405697,False
DOA4|STP22,1a59e7198505be624fda79bcc3973726cece6cba3f14f291d47c9a152b132313,False
PCT1|PSD2,1b7200e2a77fde45269b7927530428b676269f79cce3ef8950de735247f74437,False
MNS1|ROT2,22b2228cc32b8cfc72ea6dc8946ad0bc830ec04c036a826ae4e861b19b954947,False
ALG6|OST3,24fb5dede3f6afc87c8d10a27152fb89d088c4696c0a18f7036a381b8144f5f5,False
ALG5|MNS1,2515de96fb889cc879c15f66805c695d38fee376d69de6da43788b1ca75d5b18,False
ALG12|ALG3,2607b0e2e495956fe70f851ac3b96df218ca6828624cf4a9beca7ef94298f743,False
OST3|ROT2,2a6f10806ea0471c07033a1cb81f31d4621fbfdd5c07e892ba403a14fa1b9dda,False
ALG5|ALG8,2bb6a30ebcfc31d5640cda8ac812468cada86126da4e36ebce93fbdaa92149fb,False
ALG9|MNS1,2ca9867f836500127243dd1569eff524c0e55dce2a33fba2cbefa0775d7104f0,False
DIE2|MNS1,2f52fbccf21a73098cd9ea3cb7f1780d54e5e3214f8803ac4d97691732678941,False
ALG12|ALG6,30250f9bfa5a5dd1c63f67245d22b98052d4a8222f0ce505417af41ff7a2e201,False
HRD1|UFD2,31825f5ece32f36676db38dd8555ac9acdbdc603a18506618193a83f202f6db3,False
ALG12|OST5,33e71f215763d837e3573c233313574e597727d2f90eb22917cd896dd8ba0a1d,False
GOS1|TLG2,35541870545137e14fbf2b7080ffbe9d960d6657f820fa973a2f1f067fd45784,False
ALG5|OST3,37cc032f1ee7d6b3ceb2f8aee5b761cd65ed643b86766ccf98c671a54a1c53d2,False
GCS1|VPS28,382c297aa3ecd02913240362236e40f4706eec9534e3509d22520ed6c149c8a3,False
ALG3|OST5,4458095613ff40d00bff10869487d53b621cb7d8ba28a1460205822820a88513,False
GOS1|SEC22,455ddf956c1207f207143d65ba3b766277c98ab0fe1767d2a3dd4c7de9106d96,False
ALG9|OST5,4944997388b59fcf84b3fad9c66b03d5c42615fc043af83d8eb328a3a59a8aad,False
ALG8|ROT2,49dd5926a2b94b3480d357e1824e95619ecc1b850150f76cd217371511b612cd,False
ALG12|CWH41,4aa369dae98e738a0b623baa8eb13a6c5cde376fb2a1af1f15a1d21fd7f4535a,False
ALG3|ALG8,4c3e5d06db386503af473af15dffb652deee47a1bab05bd20da0131bd661acf6,False
CWH41|ROT2,4e5a0c00c2fbeb05152701805725befb1870640235ea5c9742003772e404fc72,False
ALG6|ALG9,4e624f0977c162fb1d9598c4df9fd90078a207310bdceab85107461110f86344,False
ALG8|MNS1,5a71ba0e6ad5c2fa554e7f6995d080726f2e23111b3b4d08063dc68622aab8e7,False
ALG12|ALG8,614219938d12eaab1bfcc0d25cf5bb03e2d579ab98ba0c3d51c30514c8cdc0d7,False
ALG12|ALG5,64dfa0e43481fb0c82bc591aa35b25c0f86c082c97703f6f40b1c756e37287f9,False
CWH41|MNS1,6d3fb79c00d4bbd1049deb08287f5365279d9d805666ea1850e6ef02dc81e542,False
DOA4|GCS1,70d85243c9797f6456f0588e2be74e64e82d0252eeac067c63e8f924c1c7726b,False
ALG9|ROT2,74a730d6a840775b145c05a3d41f074eeff75e6040b3b5d9c728cb58b5668d13,False
DIE2|ROT2,770966e8273999410c3a98187d2fbddd90b7d44b30241286fa5485b5b7e99a29,False
ANP1|MNN2,7739061dcd64ebfd6ab5779886a26c0ab84086453516136c751a2d7e17b60527,False
ALG5|ALG6,7f590375d407becb8e8d698d91458a61973b43e594ce40b9e59d1da269d02179,False
ALG3|ALG6,8000c36b61c30fd8f95daeb327fb4824998ab01d7c59c4c987f4f017e2e32cb2,False
ALG6|MNS1,8238f6cc30ac88465ed89757fb06e96b73e2833ffbe93f9b68e1f791eed58936,False
CWH41|OST3,855a3f771d27df35503615cf2d68a631a766fbffc2c80bd1fd31b0ac38bebc86,False
ALG6|ALG8,87bf4c08674f9bcf0b643b08321bea132922001afa905dff717adc91c5ff31e8,False
DIE2|OST5,87c1d2161768130e6908a88fe02a30969ae5a99d4c187186ea3e9fe56e4bccae,False
ALG3|CWH41,8b44e7660b9906296204d2a2cb7b832fa6c0aa6b4339543705e0573e9b620dd9,False
ALG6|OST5,90f3d596c470c440ef98af04b1025bf8448448c2f419c0cf80146f8e47449766,False
ALG8|OST5,93409536c360d7b88258c4684c761fca1efb9bd7c196ea57368092345f1290f1,False
ALG3|ALG9,94fe2ef2db83d60bb9fc88fb893343bb2ca273f25ebf70cf264062242c27488f,False
ALG5|ROT2,98dd6b080daf75fe7240c39aed29142c7b437ccaed7d9fdc6a29fb39db9f1ed9,False
ALG5|CWH41,9cc1e6e6975e6a2cc4f5d1d63d972b1bf0e8dbe5d76afb69b6d30ed69d910ff6,False
ANP1|MNS1,a0960723ffb11e5c2df0ba43a1ad8c957a389c93e9e705593a6dee9bc339a680,False
OST5|ROT2,a0bbfcc13c309c9284d1debc19bcd1094cef9cd3e01bdf76a1e81fd21be1074c,False
OST3|OST5,a192aca241d71cba898eceeabd055e222825325d09c8d53de05d4d1c550a809c,False
ALG9|CWH41,a1df6aadf57e42fe05ac8e40a2dd1fa81936bf16445aff6ad724f02983515127,False
ALG8|OST3,a757e32def0573d158403dc5bb002eb54d3abb13f5daa24f4ccf5e60b621ae6e,False
ALG5|ALG9,a8787ca43515687c601126ab5a34da7ad1ea4f3de66add061d6451715a68a683,False
ALG12|MNS1,b00ce7db56d4f46e85aa03811c62eca101a298263bdce9a0ed6bb8648f26b631,False
ALG8|ALG9,b28563c167b7096fb434926bf625c434db921ece21997d6ba11f140a59628064,False
ALG3|DIE2,b4bb373f494de459cc5d1ee7df59d0c177cbb857f73a0bf36fa868ecd13cf526,False
UBC7|UFD2,bdd2cf09cdea6d28c62f8ba5e5d8b58618c819e8199b7b2955918ecc2b0a07be,False
ALG6|ROT2,c14c18811b103bcab102a3075397922d25b23a42bd170b39cc2966fdda55e26e,False
ALG12|DIE2,c366679c0ea53122ea53ad27bb4d5653105b5ac7f52616e62f27bb9a885dbd64,False
PMT1|PMT2,c546b42a7c81b4da75b047a57c5824f37de557b8bb4fc5d4292df69d5e2558f4,False
ALG12|ROT2,ca0922bb2738fc26ff97fe4f9b4b04191072efd7425a2d427f35bdbd40a59e75,False
ALG9|OST3,d07fc240db635f393aa548dff0ab0356521c116ec7bcdef299680d86223c7baf,False
DOA4|VPS28,d0fd578ebd17931ca782f655720b59a354acc4f427eb85becfabd54e80fa5a50,False
CWH41|DIE2,d4a7255187c38e49c6cf7146d5afc7a447b956413bc807669d1fd3656b680e11,False
GCS1|STP22,d7bb1d51647c2e78840518de3baf205004347e217db2bb131c61811e22da7d8f,False
CWH41|OST5,d8fcd2fede9d14ff1f79c276acc23cca81cd951d5481c7448de25416ec193463,False
ALG5|DIE2,dba81c1bc7610e3f0be221c1794ee95f5db94c0768c86a1725b19bb0f5446ffb,False
MNN2|MNS1,dbde659f030f0f8ddddb93b16e299ef1d28c361043629594fdbb29b29e280ca2,False
ALG12|ALG9,ddac72d29e7faf3e51e7cdb0e38f8e78022d3c809a78851321763b7aa522634d,False
ALG3|ALG5,df42d3525f99fd1ef7b42e850c07352b4ca7b647645f65dbcbfa4d8dffc655d7,False
ALG6|CWH41,e14a5114fa498d586c1a3f68616afbd3fa0d08292bc76234b9bccc9fed038309,False
ALG3|ROT2,e352c48076a972a78138980c99b260fe95328f842cadfc3b76ac6d904230a49e,False
BTS1|HMG1,e660eb8c345f22b1b3446367890ce79fbb52551973caa5c609ca0edb27b04236,False
ALG12|OST3,ea91ec1e680b8025e19f456581206ff872cd56af70d652e3569fc22e6e50e7ec,False
SEC22|TLG2,eb9c03c9dcdcf949ef9a9b7dc700838fc74a2f40110eb22c76570bccc2db9471,False
ALG6|DIE2,ec9c8c20a5e259f0ad3ce0a0c0d1bf2756aeefc6afc8bad42743406993e8395d,False
ALG9|DIE2,ed3acbe4a0de2c93ef11f2623e7ff1c146110663419cc573ead51f9a8072352e,False
MNS1|OST3,f873e657c4590c592e84391e09e026a7ea089d570ae42c505df62b3d10c9d9fa,False
